date,game_id,home,away,home_score,away_score,stadium,start_time,home_elo_before,away_elo_before,home_expected_win_rate,home_elo_change,home_elo_after,away_elo_after
2025-03-28,GAME20250328HCHT0005,広島,阪神,0,4,マツダスタジアム,18:01,1500.0,1500.0,0.550199353253537,-11.003987065070739,1488.9960129349292,1511.0039870650708
2025-03-28,GAME20250328YGYS0004,巨人,ヤクルト,6,5,東京ドーム,18:19,1500.0,1500.0,0.550199353253537,8.996012934929261,1508.9960129349292,1491.0039870650708
2025-03-28,GAME20250328DBCD0003,DeNA,中日,5,0,横　浜,18:30,1500.0,1500.0,0.550199353253537,8.996012934929261,1508.9960129349292,1491.0039870650708
2025-03-29,GAME20250329HCHT0011,広島,阪神,2,3,マツダスタジアム,14:00,1488.9960129349292,1511.0039870650708,0.518688318275341,-10.373766365506821,1478.6222465694225,1521.3777534305775
2025-03-29,GAME20250329YGYS0010,巨人,ヤクルト,12,0,東京ドーム,14:00,1508.9960129349292,1491.0039870650708,0.5756757395964996,8.486485208070008,1517.4824981429992,1482.5175018570008
2025-03-29,GAME20250329DBCD0009,DeNA,中日,0,1,横　浜,14:30,1508.9960129349292,1491.0039870650708,0.5756757395964996,-11.513514791929992,1497.4824981429992,1502.5175018570008
2025-03-30,GAME20250330HCHT0017,広島,阪神,2,0,マツダスタジアム,13:31,1478.6222465694225,1521.3777534305775,0.4888407818485627,10.223184363028746,1488.8454309324513,1511.1545690675487
2025-03-30,GAME20250330YGYS0016,巨人,ヤクルト,3,0,東京ドーム,14:00,1517.4824981429992,1482.5175018570008,0.5993484120868431,8.01303175826314,1525.4955299012624,1474.5044700987376
2025-03-30,GAME20250330DBCD0015,DeNA,中日,2,1,横　浜,14:01,1497.4824981429992,1502.5175018570008,0.5430164909168284,9.139670181663433,1506.6221683246627,1493.3778316753373
2025-04-01,GAME20250401HTDB0021,阪神,DeNA,1,7,京セラD大阪,18:06,1511.1545690675487,1506.6221683246627,0.55664744355537,-11.1329488711074,1500.0216201964413,1517.75511719577
2025-04-01,GAME20250401CDYG0019,中日,巨人,3,2,バンテリンドーム,18:15,1493.3778316753373,1525.4955299012624,0.5041478705314208,9.917042589371583,1503.2948742647088,1515.578487311891
2025-04-02,GAME20250402CDYG0024,中日,巨人,0,2,バンテリンドーム,18:00,1503.2948742647088,1515.578487311891,0.5326450035139139,-10.652900070278278,1492.6419741944305,1526.2313873821693
2025-04-02,GAME20250402YSHC0022,ヤクルト,広島,5,4,神　宮,18:00,1474.5044700987376,1488.8454309324513,0.5296957573828813,9.406084852342374,1483.91055495108,1479.4393460801089
2025-04-02,GAME20250402HTDB0026,阪神,DeNA,6,6,京セラD大阪,18:01,1500.0216201964413,1517.75511719577,0.5248280585881948,-0.49656117176389625,1499.5250590246774,1518.251678367534
2025-04-03,GAME20250403CDYG0029,中日,巨人,3,5,バンテリンドーム,18:00,1492.6419741944305,1526.2313873821693,0.5020299864501396,-10.040599729002793,1482.6013744654279,1536.2719871111722
2025-04-03,GAME20250403HTDB0031,阪神,DeNA,2,5,京セラD大阪,18:00,1499.5250590246774,1518.251678367534,0.5234021662078759,-10.468043324157518,1489.05701570052,1528.7197216916913
2025-04-03,GAME20250403YSHC0027,ヤクルト,広島,3,0,神　宮,18:00,1483.91055495108,1479.4393460801089,0.5565605099815708,8.868789800368583,1492.7793447514487,1470.5705562797402
2025-04-04,GAME20250404HCDB0036,広島,DeNA,8,2,マツダスタジアム,18:00,1470.5705562797402,1528.7197216916913,0.46673488391161444,10.665302321767712,1481.235858601508,1518.0544193699236
2025-04-04,GAME20250404YGHT0035,巨人,阪神,2,7,東京ドーム,18:00,1536.2719871111722,1489.05701570052,0.6161568185054226,-12.323136370108452,1523.9488507410638,1501.3801520706284
2025-04-04,GAME20250404YSCD0033,ヤクルト,中日,1,1,神　宮,18:00,1492.7793447514487,1482.6013744654279,0.5646523444823183,-1.2930468896463654,1491.4862978618023,1483.8944213550742
2025-04-05,GAME20250405YGHT0041,巨人,阪神,3,4,東京ドーム,14:00,1523.9488507410638,1501.3801520706284,0.5820980499398875,-11.64196099879775,1512.306889742266,1513.022113069426
2025-04-05,GAME20250405YSCD0039,ヤクルト,中日,2,0,神　宮,14:00,1491.4862978618023,1483.8944213550742,0.56098942410434,8.780211517913198,1500.2665093797154,1475.114209837161
2025-04-05,GAME20250405HCDB0042,広島,DeNA,8,7,マツダスタジアム,14:01,1481.235858601508,1518.0544193699236,0.4973829045778298,10.052341908443406,1491.2882005099514,1508.0020774614802
2025-04-06,GAME20250406YGHT0047,巨人,阪神,0,1,東京ドーム,13:00,1512.306889742266,1513.022113069426,0.5491802300866883,-10.983604601733765,1501.3232851405323,1524.0057176711598
2025-04-06,GAME20250406HCDB0048,広島,DeNA,7,6,マツダスタジアム,13:30,1491.2882005099514,1508.0020774614802,0.5262915742243014,9.474168515513972,1500.7623690254654,1498.5279089459661
2025-04-06,GAME20250406YSCD0045,ヤクルト,中日,5,6,神　宮,13:30,1500.2665093797154,1475.114209837161,0.5857114306244676,-11.714228612489352,1488.5522807672262,1486.8284384496503
2025-04-08,GAME20250408CDHC0052,中日,広島,1,1,岐　阜,18:00,1486.8284384496503,1500.7623690254654,0.5302794139388811,-0.6055882787776223,1486.2228501708728,1501.367957304243
2025-04-08,GAME20250408DBYG0051,DeNA,巨人,3,3,横　浜,18:00,1498.5279089459661,1501.3232851405323,0.5462139002784226,-0.924278005568453,1497.6036309403978,1502.2475631461007
2025-04-08,GAME20250408HTYS0054,阪神,ヤクルト,0,1,甲子園,18:03,1524.0057176711598,1488.5522807672262,0.6000233939651038,-12.000467879302077,1512.0052497918578,1500.5527486465282
2025-04-09,GAME20250409CDHC0058,中日,広島,3,1,バンテリンドーム,18:00,1486.2228501708728,1501.367957304243,0.5285424234123023,9.429151531753954,1495.6520017026266,1491.938805772489
2025-04-09,GAME20250409DBYG0057,DeNA,巨人,3,6,横　浜,18:00,1497.6036309403978,1502.2475631461007,0.5435750680891743,-10.871501361783487,1486.7321295786144,1513.119064507884
2025-04-09,GAME20250409HTYS0060,阪神,ヤクルト,3,5,甲子園,18:01,1512.0052497918578,1500.5527486465282,0.5664550114320068,-11.329100228640137,1500.6761495632177,1511.8818488751683
2025-04-10,GAME20250410CDHC0063,中日,広島,1,2,バンテリンドーム,18:00,1495.6520017026266,1491.938805772489,0.5554833366820986,-11.109666733641973,1484.5423349689847,1503.048472506131
2025-04-11,GAME20250411HCYG0066,広島,巨人,12,3,マツダスタジアム,18:00,1503.048472506131,1513.119064507884,0.5358148596005319,9.283702807989362,1512.3321753141204,1503.8353616998947
2025-04-11,GAME20250411HTCD0069,阪神,中日,6,3,甲子園,18:00,1500.6761495632177,1484.5423349689847,0.5730607249193105,8.538785501613791,1509.2149350648315,1476.003549467371
2025-04-12,GAME20250412DBYS0070,DeNA,ヤクルト,5,4,横　浜,14:00,1486.7321295786144,1511.8818488751683,0.5141718965180848,9.716562069638304,1496.4486916482526,1502.16528680553
2025-04-12,GAME20250412HCYG0072,広島,巨人,1,0,マツダスタジアム,14:00,1512.3321753141204,1503.8353616998947,0.5622719460706123,8.754561078587756,1521.0867363927082,1495.080800621307
2025-04-12,GAME20250412HTCD0075,阪神,中日,2,3,甲子園,14:01,1509.2149350648315,1476.003549467371,0.5969219853562953,-11.938439707125905,1497.2764953577055,1487.941989174497
2025-04-13,GAME20250413HCYG0076,広島,巨人,5,3,マツダスタジアム,13:30,1521.0867363927082,1495.080800621307,0.5869033076144546,8.261933847710907,1529.348670240419,1486.818866773596
2025-04-15,GAME20250415HCCD0084,広島,中日,7,1,マツダスタジアム,18:00,1529.348670240419,1487.941989174497,0.6082190495151103,7.835619009697794,1537.184289250117,1480.106370164799
2025-04-15,GAME20250415YGDB0083,巨人,DeNA,1,0,東京ドーム,18:01,1486.818866773596,1496.4486916482526,0.5364458622536185,9.271082754927631,1496.0899495285237,1487.177608893325
2025-04-15,GAME20250415YSHT0081,ヤクルト,阪神,1,5,松　山,18:01,1502.16528680553,1497.2764953577055,0.5571536887116934,-11.143073774233867,1491.0222130312961,1508.4195691319394
2025-04-16,GAME20250416HCCD0089,広島,中日,0,2,マツダスタジアム,18:00,1537.184289250117,1480.106370164799,0.6294931665642349,-12.589863331284699,1524.5944259188323,1492.6962334960838
2025-04-16,GAME20250416YGDB0088,巨人,DeNA,5,0,東京ドーム,18:00,1496.0899495285237,1487.177608893325,0.5628605740113778,8.742788519772445,1504.832738048296,1478.4348203735526
2025-04-17,GAME20250417YSHT0092,ヤクルト,阪神,5,7,神　宮,18:00,1491.0222130312961,1508.4195691319394,0.5253105881089387,-10.506211762178774,1480.5160012691174,1518.9257808941181
2025-04-17,GAME20250417YGDB0093,巨人,DeNA,1,9,東京ドーム,18:01,1504.832738048296,1478.4348203735526,0.5874502664625757,-11.749005329251514,1493.0837327190445,1490.1838257028041
2025-04-18,GAME20250418YSYG0095,ヤクルト,巨人,2,7,神　宮,18:00,1480.5160012691174,1493.0837327190445,0.5322378455810016,-10.644756911620032,1469.8712443574973,1503.7284896306646
2025-04-18,GAME20250418HTHC0097,阪神,広島,2,5,甲子園,18:01,1518.9257808941181,1524.5944259188323,0.5421112161932724,-10.842224323865448,1508.0835565702528,1535.4366502426976
2025-04-19,GAME20250419CDDB0101,中日,DeNA,3,2,バンテリンドーム,14:00,1492.6962334960838,1490.1838257028041,0.5537758944121487,8.924482111757026,1501.6207156078408,1481.2593435910471
2025-04-19,GAME20250419HTHC0103,阪神,広島,0,3,甲子園,14:01,1508.0835565702528,1535.4366502426976,0.5110030061850397,-10.220060123700794,1497.863496446552,1545.6567103663983
2025-04-19,GAME20250419YSYG0100,ヤクルト,巨人,4,6,神　宮,18:00,1469.8712443574973,1503.7284896306646,0.5016445503189586,-10.032891006379172,1459.838353351118,1513.7613806370439
2025-04-20,GAME20250420CDDB0107,中日,DeNA,2,0,バンテリンドーム,13:30,1501.6207156078408,1481.2593435910471,0.5790039076817597,8.419921846364806,1510.0406374542056,1472.8394217446823
2025-04-20,GAME20250420HTHC0109,阪神,広島,8,1,甲子園,14:01,1497.863496446552,1545.6567103663983,0.4815974014955562,10.368051970088876,1508.2315484166409,1535.2886583963095
2025-04-20,GAME20250420YSYG0106,ヤクルト,巨人,3,2,神　宮,18:01,1459.838353351118,1513.7613806370439,0.47279447035093486,10.544110592981305,1470.3824639440993,1503.2172700440626
2025-04-22,GAME20250422DBHT0112,DeNA,阪神,2,4,横　浜,17:45,1472.8394217446823,1508.2315484166409,0.4994356845962243,-9.988713691924486,1462.850708052758,1518.2202621085653
2025-04-22,GAME20250422YGCD0114,巨人,中日,8,1,東京ドーム,18:00,1503.2172700440626,1510.0406374542056,0.5404607688794835,9.19078462241033,1512.408054666473,1500.8498528317953
2025-04-23,GAME20250423DBHT0117,DeNA,阪神,2,3,横　浜,17:45,1462.850708052758,1518.2202621085653,0.4707193961236768,-9.414387922473535,1453.4363201302845,1527.6346500310387
2025-04-23,GAME20250423HCYS0120,広島,ヤクルト,7,1,マツダスタジアム,18:00,1535.2886583963095,1470.3824639440993,0.6399405869587278,7.201188260825444,1542.4898466571349,1463.181275683274
2025-04-23,GAME20250423YGCD0119,巨人,中日,2,0,東京ドーム,18:00,1512.408054666473,1500.8498528317953,0.5666044337732691,8.667911324534618,1521.0759659910075,1492.1819415072607
2025-04-24,GAME20250424DBHT0122,DeNA,阪神,2,4,横　浜,17:45,1453.4363201302845,1527.6346500310387,0.4438272036022627,-8.876544072045254,1444.559776058239,1536.511194103084
2025-04-25,GAME20250425CDYS0124,中日,ヤクルト,4,6,バンテリンドーム,18:00,1492.1819415072607,1463.181275683274,0.5910765227202641,-11.821530454405282,1480.3604110528554,1475.0028061376793
2025-04-25,GAME20250425DBHC0123,DeNA,広島,2,1,横　浜,18:00,1444.559776058239,1542.4898466571349,0.41041389914293086,11.791722017141382,1456.3514980753805,1530.6981246399935
2025-04-25,GAME20250425HTYG0127,阪神,巨人,4,1,甲子園,18:01,1536.511194103084,1521.0759659910075,0.5720765559682981,8.558468880634038,1545.0696629837182,1512.5174971103734
2025-04-26,GAME20250426CDYS0130,中日,ヤクルト,5,2,バンテリンドーム,14:00,1480.3604110528554,1475.0028061376793,0.5578194469873389,8.843611060253222,1489.2040221131085,1466.1591950774261
2025-04-26,GAME20250426DBHC0129,DeNA,広島,2,0,横　浜,14:00,1456.3514980753805,1530.6981246399935,0.44361649130218134,11.127670173956371,1467.479168249337,1519.570454466037
2025-04-26,GAME20250426HTYG0133,阪神,巨人,6,2,甲子園,14:00,1545.0696629837182,1512.5174971103734,0.5960086046863418,8.079827906273165,1553.1494908899913,1504.4376692041003
2025-04-27,GAME20250427CDYS0136,中日,ヤクルト,2,6,バンテリンドーム,13:30,1489.2040221131085,1466.1591950774261,0.582764629988793,-11.655292599775859,1477.5487295133328,1477.814487677202
2025-04-27,GAME20250427DBHC0135,DeNA,広島,2,1,横　浜,14:00,1467.479168249337,1519.570454466037,0.4754234831598025,10.49153033680395,1477.9706985861408,1509.0789241292332
2025-04-27,GAME20250427HTYG0139,阪神,巨人,1,2,甲子園,14:02,1553.1494908899913,1504.4376692041003,0.6181926508391332,-12.363853016782665,1540.7856378732085,1516.801522220883
2025-04-29,GAME20250429YSDB0143,ヤクルト,DeNA,1,6,神　宮,13:31,1477.814487677202,1477.9706985861408,0.5499768036713472,-10.999536073426944,1466.814951603775,1488.9702346595677
2025-04-29,GAME20250429CDHT0144,中日,阪神,4,1,バンテリンドーム,14:00,1477.5487295133328,1540.7856378732085,0.4594530565492842,10.810938869014315,1488.359668382347,1529.9746990041942
2025-04-29,GAME20250429YGHC0145,巨人,広島,4,3,東京ドーム,14:01,1516.801522220883,1509.0789241292332,0.5611747400145659,8.776505199708682,1525.5780274205918,1500.3024189295245
2025-04-30,GAME20250430YSDB0149,ヤクルト,DeNA,4,1,神　宮,18:00,1466.814951603775,1488.9702346595677,0.5184766165071418,9.630467669857163,1476.445419273632,1479.3397669897106
2025-04-30,GAME20250430CDHT0150,中日,阪神,5,4,バンテリンドーム,18:01,1488.359668382347,1529.9746990041942,0.49048135584830915,10.190372883033817,1498.550041265381,1519.7843261211603
2025-04-30,GAME20250430YGHC0151,巨人,広島,2,0,東京ドーム,18:01,1525.5780274205918,1500.3024189295245,0.5858836612989965,8.28232677402007,1533.8603541946118,1492.0200921555045
2025-05-01,GAME20250501CDHT0155,中日,阪神,3,2,バンテリンドーム,18:00,1498.550041265381,1519.7843261211603,0.5198000967963374,9.603998064073252,1508.1540393294542,1510.180328057087
2025-05-01,GAME20250501YSDB0154,ヤクルト,DeNA,0,3,神　宮,18:00,1476.445419273632,1479.3397669897106,0.5460726818728312,-10.921453637456624,1465.5239656361755,1490.2612206271672
2025-05-01,GAME20250501YGHC0156,巨人,広島,4,3,東京ドーム,18:01,1533.8603541946118,1492.0200921555045,0.6088136314816333,7.823727370367335,1541.6840815649791,1484.1963647851371
2025-05-02,GAME20250502HCCD0159,広島,中日,2,4,マツダスタジアム,18:00,1484.1963647851371,1508.1540393294542,0.5158858352408516,-10.317716704817032,1473.87864808032,1518.4717560342713
2025-05-02,GAME20250502HTYS0160,阪神,ヤクルト,4,0,甲子園,18:02,1510.180328057087,1465.5239656361755,0.6126675010771423,7.746649978457154,1517.9269780355442,1457.7773156577184
2025-05-03,GAME20250503DBYG0162,DeNA,巨人,1,0,横　浜,14:00,1490.2612206271672,1541.6840815649791,0.47638318996182044,10.47233620076359,1500.7335568279307,1531.2117453642156
2025-05-03,GAME20250503HCCD0163,広島,中日,2,0,マツダスタジアム,14:00,1473.87864808032,1518.4717560342713,0.4861979151816157,10.276041696367686,1484.1546897766877,1508.1957143379036
2025-05-03,GAME20250503HTYS0166,阪神,ヤクルト,7,1,甲子園,14:00,1517.9269780355442,1457.7773156577184,0.6336077254383404,7.327845491233191,1525.2548235267773,1450.4494701664853
2025-05-04,GAME20250504HCCD0169,広島,中日,9,4,マツダスタジアム,13:30,1484.1546897766877,1508.1957143379036,0.5157660050958253,9.684679898083495,1493.8393696747712,1498.5110344398202
2025-05-04,GAME20250504DBYG0168,DeNA,巨人,1,3,横　浜,14:00,1500.7335568279307,1531.2117453642156,0.5065070423980926,-10.130140847961853,1490.6034159799688,1541.3418862121775
2025-05-04,GAME20250504HTYS0172,阪神,ヤクルト,2,5,甲子園,14:01,1525.2548235267773,1450.4494701664853,0.6529633083697425,-13.05926616739485,1512.1955573593825,1463.50873633388
2025-05-05,GAME20250505CDDB0176,中日,DeNA,1,2,バンテリンドーム,14:01,1498.5110344398202,1490.6034159799688,0.5614370027789229,-11.22874005557846,1487.2822943842416,1501.8321560355473
2025-05-05,GAME20250505YGHT0177,巨人,阪神,1,10,東京ドーム,18:00,1541.3418862121775,1512.1955573593825,0.5912791778484231,-11.825583556968462,1529.516302655209,1524.021140916351
2025-05-05,GAME20250505YSHC0174,ヤクルト,広島,0,4,神　宮,18:00,1463.50873633388,1493.8393696747712,0.5067193542429,-10.134387084858002,1453.374349249022,1503.9737567596292
2025-05-06,GAME20250506CDDB0180,中日,DeNA,0,3,バンテリンドーム,14:01,1487.2822943842416,1501.8321560355473,0.5293961747145192,-10.587923494290383,1476.6943708899512,1512.4200795298377
2025-05-06,GAME20250506YGHT0181,巨人,阪神,1,7,東京ドーム,18:01,1529.516302655209,1524.021140916351,0.5580147510240598,-11.160295020481197,1518.3560076347278,1535.1814359368323
2025-05-07,GAME20250507CDDB0186,中日,DeNA,2,1,バンテリンドーム,18:00,1476.6943708899512,1512.4200795298377,0.4989556228338025,10.020887543323948,1486.715258433275,1502.3991919865139
2025-05-07,GAME20250507YGHT0187,巨人,阪神,6,4,東京ドーム,18:00,1518.3560076347278,1535.1814359368323,0.5261314801069551,9.477370397860899,1527.8333780325886,1525.7040655389715
2025-05-07,GAME20250507YSHC0184,ヤクルト,広島,3,5,神　宮,18:00,1453.374349249022,1503.9737567596292,0.4775657210184531,-9.551314420369062,1443.8230348286531,1513.5250711799981
2025-05-09,GAME20250509DBHC0190,DeNA,広島,4,3,横　浜,18:00,1502.3991919865139,1513.5250711799981,0.5343036471830478,9.313927056339043,1511.713119042853,1504.211144123659
2025-05-09,GAME20250509YSYG0191,ヤクルト,巨人,5,2,神　宮,18:00,1443.8230348286531,1527.8333780325886,0.42993258359768244,11.401348328046353,1455.2243831566996,1516.4320297045422
2025-05-10,GAME20250510HTCD0198,阪神,中日,2,0,甲子園,14:00,1525.7040655389715,1486.715258433275,0.6048975032131942,7.902049935736115,1533.6061154747076,1478.8132084975389
2025-05-10,GAME20250510DBHC0195,DeNA,広島,3,5,横　浜,14:01,1511.713119042853,1504.211144123659,0.5608619663058408,-11.217239326116816,1500.495879716736,1515.428383449776
2025-05-10,GAME20250510YSYG0196,ヤクルト,巨人,2,3,神　宮,18:00,1455.2243831566996,1516.4320297045422,0.4623555359747194,-9.247110719494389,1445.977272437205,1525.6791404240366
2025-05-11,GAME20250511DBHC0201,DeNA,広島,4,2,横　浜,14:00,1500.495879716736,1515.428383449776,0.5288473765809346,9.423052468381307,1509.9189321851172,1506.0053309813948
2025-05-11,GAME20250511HTCD0204,阪神,中日,1,0,甲子園,14:00,1533.6061154747076,1478.8132084975389,0.6264201454982447,7.471597090035107,1541.0777125647428,1471.3416114075037
2025-05-11,GAME20250511YSYG0202,ヤクルト,巨人,2,1,神　宮,18:00,1445.977272437205,1525.6791404240366,0.43602148500105636,11.279570299978872,1457.256842737184,1514.3995701240578
2025-05-13,GAME20250513CDYS0208,中日,ヤクルト,5,4,豊　橋,18:00,1471.3416114075037,1457.256842737184,0.5701724167646759,8.596551664706482,1479.9381630722103,1448.6602910724773
2025-05-13,GAME20250513DBHT0207,DeNA,阪神,1,1,ハードオフ新潟,18:00,1509.9189321851172,1541.0777125647428,0.5055277341753582,-0.11055468350716469,1509.80837750161,1541.18826724825
2025-05-13,GAME20250513HCYG0209,広島,巨人,5,4,マツダスタジアム,18:01,1506.0053309813948,1514.3995701240578,0.5382140995555916,9.235718008888167,1515.241048990283,1505.1638521151697
2025-05-14,GAME20250514CDYS0213,中日,ヤクルト,2,0,バンテリンドーム,18:00,1479.9381630722103,1448.6602910724773,0.5942411269404982,8.115177461190035,1488.0533405334004,1440.5451136112872
2025-05-14,GAME20250514HCYG0214,広島,巨人,3,0,マツダスタジアム,18:00,1515.241048990283,1505.1638521151697,0.564509739309986,8.70980521380028,1523.9508542040833,1496.4540469013693
2025-05-15,GAME20250515DBHT0218,DeNA,阪神,1,0,横　浜,18:00,1509.80837750161,1541.18826724825,0.505209568913746,9.89580862172508,1519.7041861233351,1531.2924586265249
2025-05-15,GAME20250515HCYG0219,広島,巨人,5,1,マツダスタジアム,18:01,1523.9508542040833,1496.4540469013693,0.5889824668269042,8.220350663461915,1532.1712048675452,1488.2336962379075
2025-05-16,GAME20250516YGCD0225,巨人,中日,4,2,東京ドーム,18:00,1488.2336962379075,1488.0533405334004,0.550456276297604,8.99087447404792,1497.2245707119553,1479.0624660593526
2025-05-16,GAME20250516YSDB0223,ヤクルト,DeNA,6,8,神　宮,18:01,1440.5451136112872,1519.7041861233351,0.4367899937897577,-8.735799875795154,1431.809313735492,1528.4399859991304
2025-05-16,GAME20250516HTHC0226,阪神,広島,2,4,甲子園,18:02,1531.2924586265249,1532.1712048675452,0.5489471676750453,-10.978943353500906,1520.313515273024,1543.150148221046
2025-05-17,GAME20250517HTHC0231,阪神,広島,5,2,甲子園,14:01,1520.313515273024,1543.150148221046,0.5174973444504843,9.650053110990314,1529.9635683840143,1533.5000951100558
2025-05-17,GAME20250517YSDB0229,ヤクルト,DeNA,7,6,神　宮,18:00,1431.809313735492,1528.4399859991304,0.41222505736501536,11.755498852699693,1443.5648125881917,1516.6844871464307
2025-05-17,GAME20250517YGCD0230,巨人,中日,1,0,東京ドーム,18:01,1497.2245707119553,1479.0624660593526,0.5759148780499357,8.481702439001285,1505.7062731509566,1470.5807636203513
2025-05-18,GAME20250518YGCD0236,巨人,中日,4,7,東京ドーム,14:00,1505.7062731509566,1470.5807636203513,0.5995702689675191,-11.991405379350383,1493.7148677716061,1482.5721689997017
2025-05-18,GAME20250518HTHC0237,阪神,広島,3,1,甲子園,14:01,1529.9635683840143,1533.5000951100558,0.5451562038532172,9.096875922935656,1539.0604443069499,1524.4032191871202
2025-05-18,GAME20250518YSDB0234,ヤクルト,DeNA,2,10,神　宮,18:00,1443.5648125881917,1516.6844871464307,0.4453604507495851,-8.907209014991702,1434.6576035732,1525.5916961614223
2025-05-20,GAME20250520DBCD0240,DeNA,中日,10,2,横　浜,17:30,1525.5916961614223,1482.5721689997017,0.6104291535083688,7.791416929832624,1533.383113091255,1474.780752069869
2025-05-20,GAME20250520HCYS0241,広島,ヤクルト,3,2,マツダスタジアム,18:00,1524.4032191871202,1434.6576035732,0.6721870519043446,6.556258961913109,1530.9594781490332,1428.101344611287
2025-05-20,GAME20250520HTYG0244,阪神,巨人,4,0,甲子園,18:02,1539.0604443069499,1493.7148677716061,0.6136085755337564,7.727828489324873,1546.7882727962747,1485.9870392822813
2025-05-21,GAME20250521DBCD0246,DeNA,中日,5,6,横　浜,17:30,1533.383113091255,1474.780752069869,0.6315375286184193,-12.630750572368385,1520.7523625188865,1487.4115026422376
2025-05-21,GAME20250521HTYG0248,阪神,巨人,4,5,甲子園,18:00,1546.7882727962747,1485.9870392822813,0.6344780198899671,-12.689560397799342,1534.0987123984753,1498.6765996800807
2025-05-22,GAME20250522DBCD0250,DeNA,中日,4,0,横　浜,17:30,1520.7523625188865,1487.4115026422376,0.5971012994781014,8.057974010437972,1528.8103365293243,1479.3535286317997
2025-05-22,GAME20250522HCYS0251,広島,ヤクルト,2,2,マツダスタジアム,18:00,1530.9594781490332,1428.101344611287,0.6885984810989649,-3.7719696219792986,1527.187508527054,1431.8733142332662
2025-05-22,GAME20250522HTYG0254,阪神,巨人,2,3,甲子園,18:00,1534.0987123984753,1498.6765996800807,0.5999801180668617,-11.999602361337233,1522.099110037138,1510.676202041418
2025-05-23,GAME20250523CDHT0256,中日,阪神,0,3,バンテリンドーム,18:00,1479.3535286317997,1522.099110037138,0.4888550586218095,-9.77710117243619,1469.5764274593635,1531.8762112095742
2025-05-23,GAME20250523YGYS0257,巨人,ヤクルト,5,0,東京ドーム,18:00,1510.676202041418,1431.8733142332662,0.6581592825193303,6.836814349613394,1517.5130163910314,1425.0364998836528
2025-05-23,GAME20250523HCDB0258,広島,DeNA,1,2,マツダスタジアム,18:01,1527.187508527054,1528.8103365293243,0.5478863891555429,-10.957727783110858,1516.2297807439431,1539.7680643124352
2025-05-24,GAME20250524CDHT0261,中日,阪神,5,4,バンテリンドーム,14:00,1469.5764274593635,1531.8762112095742,0.4607931082434738,10.784137835130526,1480.3605652944939,1521.0920733744438
2025-05-24,GAME20250524YGYS0262,巨人,ヤクルト,4,2,東京ドーム,18:00,1517.5130163910314,1425.0364998836528,0.6756416297782881,6.487167404434238,1524.0001837954658,1418.5493324792185
2025-05-25,GAME20250525CDHT0266,中日,阪神,1,5,バンテリンドーム,13:31,1480.3605652944939,1521.0920733744438,0.49175244497840037,-9.835048899568008,1470.525516394926,1530.9271222740117
2025-05-25,GAME20250525HCDB0268,広島,DeNA,3,0,マツダスタジアム,13:31,1516.2297807439431,1539.7680643124352,0.5164887547065985,9.67022490586803,1525.9000056498112,1530.0978394065671
2025-05-25,GAME20250525YGYS0267,巨人,ヤクルト,5,2,東京ドーム,14:01,1524.0001837954658,1418.5493324792185,0.6917897907954569,6.164204184090862,1530.1643879795565,1412.3851282951277
2025-05-27,GAME20250527YSCD0271,ヤクルト,中日,2,1,神　宮,18:00,1412.3851282951277,1470.525516394926,0.4667474595895721,10.665050808208559,1423.0501791033364,1459.8604655867173
2025-05-27,GAME20250527YGHC0273,巨人,広島,1,2,富　山,18:01,1530.1643879795565,1525.9000056498112,0.5562666517123884,-11.125333034247769,1519.0390549453089,1537.0253386840589
2025-05-27,GAME20250527HTDB0274,阪神,DeNA,1,0,倉　敷,18:02,1530.9271222740117,1530.0978394065671,0.5513804722537902,8.972390554924196,1539.899512828936,1521.125448851643
2025-05-28,GAME20250528YGHC0279,巨人,広島,4,1,金　沢,18:00,1519.0390549453089,1537.0253386840589,0.5244651531860647,9.510696936278705,1528.5497518815876,1527.5146417477802
2025-05-28,GAME20250528YSCD0277,ヤクルト,中日,1,4,神　宮,18:01,1423.0501791033364,1459.8604655867173,0.49739481190644097,-9.94789623812882,1413.1022828652076,1469.808361824846
2025-05-28,GAME20250528HTDB0280,阪神,DeNA,1,0,甲子園,18:02,1539.899512828936,1521.125448851643,0.5767750257119352,8.464499485761296,1548.3640123146972,1512.6609493658816
2025-05-29,GAME20250529HTDB0283,阪神,DeNA,1,5,甲子園,18:00,1548.3640123146972,1512.6609493658816,0.6003682087473924,-12.007364174947847,1536.3566481397493,1524.6683135408296
2025-05-29,GAME20250529YSCD0282,ヤクルト,中日,0,6,神　宮,18:00,1413.1022828652076,1469.808361824846,0.4688030195228611,-9.376060390457221,1403.7262224747503,1479.1844222153034
2025-05-30,GAME20250530CDYG0286,中日,巨人,1,4,バンテリンドーム,18:00,1479.1844222153034,1528.5497518815876,0.4793384014757089,-9.586768029514177,1469.5976541857892,1538.1365199111017
2025-05-30,GAME20250530DBYS0285,DeNA,ヤクルト,6,2,横　浜,18:01,1524.6683135408296,1403.7262224747503,0.7104714463684664,5.790571072630673,1530.4588846134602,1397.9356514021197
2025-05-30,GAME20250530HCHT0287,広島,阪神,2,5,マツダスタジアム,18:01,1527.5146417477802,1536.3566481397493,0.537573411981517,-10.75146823963034,1516.7631735081497,1547.1081163793797
2025-05-31,GAME20250531HCHT0293,広島,阪神,0,2,マツダスタジアム,14:00,1516.7631735081497,1547.1081163793797,0.5066987648810726,-10.13397529762145,1506.6291982105283,1557.242091677001
2025-05-31,GAME20250531CDYG0292,中日,巨人,4,2,バンテリンドーム,14:01,1469.5976541857892,1538.1365199111017,0.451883059544413,10.96233880911174,1480.559992994901,1527.17418110199
2025-05-31,GAME20250531DBYS0291,DeNA,ヤクルト,5,2,横　浜,14:41,1530.4588846134602,1397.9356514021197,0.7239901529917977,5.5201969401640465,1535.9790815536242,1392.4154544619557
2025-06-01,GAME20250601CDYG0297,中日,巨人,4,1,バンテリンドーム,13:30,1480.559992994901,1527.17418110199,0.48329206272750386,10.334158745449923,1490.894151740351,1516.84002235654
2025-06-01,GAME20250601HCHT0298,広島,阪神,0,8,マツダスタジアム,13:30,1506.6291982105283,1557.242091677001,0.4775463522732495,-9.55092704546499,1497.0782711650634,1566.793018722466
2025-06-01,GAME20250601DBYS0296,DeNA,ヤクルト,3,2,横　浜,14:00,1535.9790815536242,1392.4154544619557,0.736507567953238,5.26984864093524,1541.2489301945593,1387.1456058210206
2025-06-27,GAME20250627CDHC0412,中日,広島,3,2,バンテリンドーム,18:00,1490.894151740351,1497.0782711650634,0.541374559481255,9.1725088103749,1500.0666605507258,1487.9057623546885
2025-06-27,GAME20250627YGDB0413,巨人,DeNA,4,0,東京ドーム,18:00,1516.84002235654,1541.2489301945593,0.5152370874326508,9.695258251346983,1526.535280607887,1531.5536719432123
2025-06-27,GAME20250627YSHT0410,ヤクルト,阪神,4,3,神　宮,18:00,1387.1456058210206,1566.793018722466,0.3030834614779816,13.938330770440368,1401.083936591461,1552.8546879520256
2025-06-28,GAME20250628YGDB0419,巨人,DeNA,5,0,東京ドーム,14:00,1526.535280607887,1531.5536719432123,0.5430402210010646,9.139195579978708,1535.6744761878656,1522.4144763632337
2025-06-28,GAME20250628YSHT0416,ヤクルト,阪神,0,2,神　宮,14:00,1401.083936591461,1552.8546879520256,0.33800742471208756,-6.760148494241751,1394.3237880972192,1559.6148364462674
2025-06-28,GAME20250628CDHC0418,中日,広島,1,2,バンテリンドーム,14:03,1500.0666605507258,1487.9057623546885,0.5674561951048446,-11.349123902096892,1488.717536648629,1499.2548862567853
2025-06-29,GAME20250629CDHC0424,中日,広島,1,2,バンテリンドーム,13:30,1488.717536648629,1499.2548862567853,0.5351465239599938,-10.702930479199877,1478.014606169429,1509.9578167359853
2025-06-29,GAME20250629YSHT0422,ヤクルト,阪神,0,6,神　宮,13:31,1394.3237880972192,1559.6148364462674,0.3208179094733014,-6.416358189466028,1387.907429907753,1566.0311946357335
2025-06-29,GAME20250629YGDB0425,巨人,DeNA,1,0,東京ドーム,14:00,1535.6744761878656,1522.4144763632337,0.5690084721136267,8.619830557727466,1544.294306745593,1513.7946458055062
2025-07-01,GAME20250701HCYS0429,広島,ヤクルト,2,2,マツダスタジアム,18:00,1509.9578167359853,1387.907429907753,0.7117820312620324,-4.235640625240649,1505.7221761107446,1392.1430705329938
2025-07-01,GAME20250701HTYG0431,阪神,巨人,2,1,甲子園,18:01,1566.0311946357335,1544.294306745593,0.5809327956443963,8.381344087112074,1574.4125387228455,1535.912962658481
2025-07-01,GAME20250701DBCD0428,DeNA,中日,3,2,横　浜,18:15,1513.7946458055062,1478.014606169429,0.6004745185494108,7.990509629011784,1521.785155434518,1470.0240965404173
2025-07-02,GAME20250702DBCD0434,DeNA,中日,4,3,横　浜,18:01,1521.785155434518,1470.0240965404173,0.6223269684921344,7.5534606301573115,1529.3386160646753,1462.47063591026
2025-07-02,GAME20250702HCYS0435,広島,ヤクルト,2,1,マツダスタジアム,18:01,1505.7221761107446,1392.1430705329938,0.7016756795756038,5.966486408487923,1511.6886625192326,1386.1765841245058
2025-07-02,GAME20250702HTYG0437,阪神,巨人,1,0,甲子園,18:01,1574.4125387228455,1535.912962658481,0.6042242331595482,7.915515336809036,1582.3280540596545,1527.997447321672
2025-07-03,GAME20250703HCYS0441,広島,ヤクルト,0,5,マツダスタジアム,18:00,1511.6886625192326,1386.1765841245058,0.7158527291947413,-14.317054583894826,1497.3716079353378,1400.4936387084006
2025-07-03,GAME20250703DBCD0440,DeNA,中日,8,5,横　浜,18:01,1529.3386160646753,1462.47063591026,0.6425385363510794,7.149229272978412,1536.4878453376537,1455.3214066372816
2025-07-03,GAME20250703HTYG0442,阪神,巨人,3,2,甲子園,18:01,1582.3280540596545,1527.997447321672,0.6257971644164525,7.48405671167095,1589.8121107713255,1520.5133906100011
2025-07-04,GAME20250704CDYS0446,中日,ヤクルト,2,1,バンテリンドーム,18:00,1455.3214066372816,1400.4936387084006,0.626467106038242,7.47065787923516,1462.7920645165168,1393.0229808291654
2025-07-04,GAME20250704YGHC0447,巨人,広島,1,0,東京ドーム,18:00,1520.5133906100011,1497.3716079353378,0.5829003309740108,8.341993380519783,1528.855383990521,1489.029614554818
2025-07-04,GAME20250704DBHT0445,DeNA,阪神,1,7,横　浜,18:01,1536.4878453376537,1589.8121107713255,0.4736536865609499,-9.473073731218998,1527.0147716064346,1599.2851845025446
2025-07-05,GAME20250705CDYS0452,中日,ヤクルト,4,6,バンテリンドーム,14:00,1462.7920645165168,1393.0229808291654,0.6463650625906477,-12.927301251812954,1449.864763264704,1405.9502820809782
2025-07-05,GAME20250705YGHC0453,巨人,広島,0,0,東京ドーム,18:00,1528.855383990521,1489.029614554818,0.6060483907917167,-2.1209678158343337,1526.7344161746867,1491.1505823706523
2025-07-05,GAME20250705DBHT0451,DeNA,阪神,0,3,横　浜,18:01,1527.0147716064346,1599.2851845025446,0.44656836153002644,-8.931367230600529,1518.083404375834,1608.216551733145
2025-07-06,GAME20250706CDYS0458,中日,ヤクルト,4,5,バンテリンドーム,13:30,1449.864763264704,1405.9502820809782,0.6116535728326383,-12.233071456652766,1437.631691808051,1418.183353537631
2025-07-06,GAME20250706YGHC0459,巨人,広島,2,3,東京ドーム,14:00,1526.7344161746867,1491.1505823706523,0.6002035268948344,-12.004070537896688,1514.73034563679,1503.154652908549
2025-07-06,GAME20250706DBHT0457,DeNA,阪神,1,5,横　浜,18:00,1518.083404375834,1608.216551733145,0.42131636717167986,-8.426327343433597,1509.6570770324006,1616.6428790765785
2025-07-08,GAME20250708YGCD0464,巨人,中日,5,4,山　形,18:00,1514.73034563679,1437.631691808051,0.6559486802805543,6.881026394388914,1521.611372031179,1430.750665413662
2025-07-08,GAME20250708YSDB0462,ヤクルト,DeNA,0,4,神　宮,18:00,1418.183353537631,1509.6570770324006,0.4194360507691212,-8.388721015382425,1409.7946325222488,1518.045798047783
2025-07-08,GAME20250708HCHT0465,広島,阪神,1,6,マツダスタジアム,18:01,1503.154652908549,1616.6428790765785,0.38892942751152554,-7.778588550230511,1495.3760643583184,1624.421467626809
2025-07-09,GAME20250709YGCD0470,巨人,中日,2,3,福　島,18:00,1521.611372031179,1430.750665413662,0.6735999180548,-13.471998361096,1508.139373670083,1444.222663774758
2025-07-09,GAME20250709YSDB0468,ヤクルト,DeNA,4,4,神　宮,18:00,1409.7946325222488,1518.045798047783,0.3961177759779305,2.0776444804413896,1411.8722770026902,1515.9681535673415
2025-07-09,GAME20250709HCHT0471,広島,阪神,1,3,マツダスタジアム,18:30,1495.3760643583184,1624.421467626809,0.36786920824998476,-7.357384164999695,1488.0186801933187,1631.7788517918088
2025-07-10,GAME20250710HCHT0474,広島,阪神,3,6,マツダスタジアム,18:00,1488.0186801933187,1631.7788517918088,0.3484013069778072,-6.968026139556144,1481.0506540537626,1638.746877931365
2025-07-11,GAME20250711CDHC0478,中日,広島,2,1,バンテリンドーム,18:00,1444.222663774758,1481.0506540537626,0.49736933479496637,10.052613304100673,1454.2752770788588,1470.9980407496619
2025-07-11,GAME20250711DBYG0476,DeNA,巨人,1,2,横　浜,18:00,1515.9681535673415,1508.139373670083,0.5613252548416727,-11.226505096833455,1504.741648470508,1519.3658787669165
2025-07-11,GAME20250711HTYS0481,阪神,ヤクルト,3,6,甲子園,18:01,1638.746877931365,1411.8722770026902,0.8186861632432849,-16.3737232648657,1622.3731546664992,1428.246000267556
2025-07-12,GAME20250712CDHC0484,中日,広島,7,1,バンテリンドーム,14:00,1454.2752770788588,1470.9980407496619,0.5262788205515442,9.474423588969117,1463.749700667828,1461.5236171606928
2025-07-12,GAME20250712DBYG0482,DeNA,巨人,0,3,横　浜,18:01,1504.741648470508,1519.3658787669165,0.5292895182269479,-10.585790364538958,1494.155858105969,1529.9516691314554
2025-07-12,GAME20250712HTYS0487,阪神,ヤクルト,5,2,甲子園,18:01,1622.3731546664992,1428.246000267556,0.78900894609759,4.2198210780482,1626.5929757445474,1424.0261791895077
2025-07-13,GAME20250713CDHC0490,中日,広島,3,2,バンテリンドーム,13:31,1463.749700667828,1461.5236171606928,0.5533685710164566,8.932628579670867,1472.6823292474987,1452.590988581022
2025-07-13,GAME20250713DBYG0488,DeNA,巨人,4,3,横　浜,18:00,1494.155858105969,1529.9516691314554,0.49885473787530094,10.02290524249398,1504.178763348463,1519.9287638889614
2025-07-13,GAME20250713HTYS0493,阪神,ヤクルト,2,1,甲子園,18:02,1626.5929757445474,1424.0261791895077,0.7969831264713968,4.060337470572064,1630.6533132151194,1419.9658417189357
2025-07-15,GAME20250715HCDB0497,広島,DeNA,0,1,マツダスタジアム,18:00,1452.590988581022,1504.178763348463,0.4761463946968848,-9.522927893937696,1443.0680606870842,1513.7016912424008
2025-07-15,GAME20250715HTCD0498,阪神,中日,2,3,甲子園,18:01,1630.6533132151194,1472.6823292474987,0.752283868455068,-15.04567736910136,1615.607635846018,1487.7280066166002
2025-07-16,GAME20250716HCDB0501,広島,DeNA,4,3,マツダスタジアム,18:01,1443.0680606870842,1513.7016912424008,0.4488981368629172,11.022037262741655,1454.0900979498258,1502.6796539796592
2025-07-16,GAME20250716HTCD0502,阪神,中日,0,6,甲子園,18:02,1615.607635846018,1487.7280066166002,0.7186167400957469,-14.372334801914938,1601.235301044103,1502.1003414185152
2025-07-17,GAME20250717YSYG0505,ヤクルト,巨人,3,2,神　宮,18:00,1419.9658417189357,1519.9287638889614,0.4075853048307609,11.848293903384782,1431.8141356223205,1508.0804699855767
2025-07-17,GAME20250717HCDB0506,広島,DeNA,1,1,マツダスタジアム,18:01,1454.0900979498258,1502.6796539796592,0.48045302405508894,0.3909395188982212,1454.481037468724,1502.288714460761
2025-07-19,GAME20250719CDDB0511,中日,DeNA,7,2,バンテリンドーム,14:00,1502.1003414185152,1502.288714460761,0.5499309806379931,9.00138038724014,1511.1017218057552,1493.287334073521
2025-07-19,GAME20250719YGHT0512,巨人,阪神,0,4,東京ドーム,18:00,1508.0804699855767,1601.235301044103,0.4170814072141164,-8.341628144282328,1499.7388418412943,1609.5769291883853
2025-07-19,GAME20250719YSHC0509,ヤクルト,広島,3,1,神　宮,18:00,1431.8141356223205,1454.481037468724,0.5177413038196592,9.645173923606816,1441.4593095459272,1444.8358635451173
2025-07-20,GAME20250720CDDB0517,中日,DeNA,3,5,バンテリンドーム,13:30,1511.1017218057552,1493.287334073521,0.5754259345141732,-11.508518690283465,1499.5932031154719,1504.7958527638043
2025-07-20,GAME20250720YGHT0518,巨人,阪神,1,2,東京ドーム,14:00,1499.7388418412943,1609.5769291883853,0.3939346798814968,-7.878693597629935,1491.8601482436643,1617.4556227860153
2025-07-20,GAME20250720YSHC0515,ヤクルト,広島,8,7,神　宮,18:00,1441.4593095459272,1444.8358635451173,0.5453845358578797,9.092309282842406,1450.5516188287697,1435.7435542622748
2025-07-21,GAME20250721CDDB0523,中日,DeNA,0,1,バンテリンドーム,14:00,1499.5932031154719,1504.7958527638043,0.5427770048422058,-10.855540096844116,1488.7376630186277,1515.6513928606485
2025-07-21,GAME20250721YGHT0524,巨人,阪神,6,5,東京ドーム,14:01,1491.8601482436643,1617.4556227860153,0.3724993362267716,12.550013275464567,1504.410161519129,1604.9056095105507
2025-07-21,GAME20250721YSHC0521,ヤクルト,広島,7,6,神　宮,18:00,1450.5516188287697,1435.7435542622748,0.5711925213194473,8.576149573611055,1459.1277684023808,1427.1674046886637
2025-07-26,GAME20250726YSCD0528,ヤクルト,中日,2,1,神　宮,18:00,1459.1277684023808,1488.7376630186277,0.5077563629258044,9.844872741483911,1468.9726411438646,1478.8927902771438
2025-07-26,GAME20250726HTDB0532,阪神,DeNA,2,0,甲子園,18:01,1604.9056095105507,1515.6513928606485,0.671563435582871,6.56873128834258,1611.4743407988933,1509.0826615723058
2025-07-26,GAME20250726HCYG0529,広島,巨人,1,5,マツダスタジアム,18:02,1427.1674046886637,1504.410161519129,0.4395055845236279,-8.790111690472559,1418.3772929981913,1513.2002732096014
2025-07-27,GAME20250727HCYG0535,広島,巨人,5,6,マツダスタジアム,18:00,1418.3772929981913,1513.2002732096014,0.41474864583698173,-8.294972916739635,1410.0823200814516,1521.495246126341
2025-07-27,GAME20250727YSCD0534,ヤクルト,中日,3,2,神　宮,18:00,1468.9726411438646,1478.8927902771438,0.5360302467521031,9.279395064957939,1478.2520362088226,1469.6133952121859
2025-07-27,GAME20250727HTDB0538,阪神,DeNA,7,1,甲子園,18:01,1611.4743407988933,1509.0826615723058,0.6880224163215523,6.239551673568955,1617.7138924724622,1502.8431098987369
2025-07-29,GAME20250729DBYS0540,DeNA,ヤクルト,1,5,横　浜,17:46,1502.8431098987369,1478.2520362088226,0.5849272792394993,-11.698545584789986,1491.1445643139468,1489.9505817936126
2025-07-29,GAME20250729CDYG0542,中日,巨人,8,5,バンテリンドーム,18:01,1469.6133952121859,1521.495246126341,0.4757241654683941,10.485516690632117,1480.098911902818,1511.009729435709
2025-07-29,GAME20250729HTHC0544,阪神,広島,1,0,甲子園,18:01,1617.7138924724622,1410.0823200814516,0.8016596432204021,3.9668071355919587,1621.6806996080543,1406.1155129458596
2025-07-30,GAME20250730DBYS0546,DeNA,ヤクルト,1,2,横　浜,17:46,1491.1445643139468,1489.9505817936126,0.551899718779272,-11.037994375585441,1480.1065699383614,1500.988576169198
2025-07-30,GAME20250730CDYG0548,中日,巨人,0,2,バンテリンドーム,18:00,1480.098911902818,1511.009729435709,0.505884534906033,-10.117690698120661,1469.9812212046972,1521.1274201338297
2025-07-30,GAME20250730HTHC0550,阪神,広島,5,0,甲子園,18:03,1621.6806996080543,1406.1155129458596,0.8088212612106027,3.8235747757879457,1625.5042743838421,1402.2919381700717
2025-07-31,GAME20250731DBYS0552,DeNA,ヤクルト,14,1,横　浜,17:46,1480.1065699383614,1500.988576169198,0.5203062509762961,9.593874980474077,1489.7004449188355,1491.394701188724
2025-07-31,GAME20250731CDYG0554,中日,巨人,7,6,バンテリンドーム,18:00,1469.9812212046972,1521.1274201338297,0.4767804651802576,10.464390696394847,1480.4456119010922,1510.6630294374347
2025-07-31,GAME20250731HTHC0556,阪神,広島,3,6,甲子園,18:01,1625.5042743838421,1402.2919381700717,0.8155357663997355,-16.31071532799471,1609.1935590558473,1418.6026534980665
2025-08-01,GAME20250801YGDB0560,巨人,DeNA,2,7,東京ドーム,18:00,1510.6630294374347,1489.7004449188355,0.579847289234128,-11.59694578468256,1499.0660836527522,1501.297390703518
2025-08-01,GAME20250801YSHT0559,ヤクルト,阪神,2,3,神　宮,18:00,1491.394701188724,1609.1935590558473,0.3830485619247766,-7.660971238495532,1483.7337299502285,1616.8545302943428
2025-08-01,GAME20250801HCCD0561,広島,中日,3,1,マツダスタジアム,18:01,1418.6026534980665,1480.4456119010922,0.46144655744034124,10.771068851193174,1429.3737223492597,1469.674543049899
2025-08-02,GAME20250802YGDB0566,巨人,DeNA,4,7,東京ドーム,15:02,1499.0660836527522,1501.297390703518,0.5470186047802893,-10.940372095605786,1488.1257115571464,1512.2377627991239
2025-08-02,GAME20250802YSHT0565,ヤクルト,阪神,1,5,神　宮,18:00,1483.7337299502285,1616.8545302943428,0.36243092251090675,-7.248618450218135,1476.4851115000104,1624.103148744561
2025-08-02,GAME20250802HCCD0567,広島,中日,0,6,マツダスタジアム,18:01,1429.3737223492597,1469.674543049899,0.49237209765053563,-9.847441953010712,1419.526280396249,1479.5219850029098
2025-08-03,GAME20250803YGDB0572,巨人,DeNA,4,3,東京ドーム,14:00,1488.1257115571464,1512.2377627991239,0.515663890458476,9.68672219083048,1497.812433747977,1502.5510406082933
2025-08-03,GAME20250803HCCD0573,広島,中日,2,1,マツダスタジアム,18:00,1419.526280396249,1479.5219850029098,0.4640902227325299,10.718195545349403,1430.2444759415982,1468.8037894575605
2025-08-03,GAME20250803YSHT0571,ヤクルト,阪神,8,1,神　宮,18:00,1476.4851115000104,1624.103148744561,0.3433768940413566,13.132462119172867,1489.6175736191833,1610.970686625388
2025-08-05,GAME20250805DBHC0575,DeNA,広島,5,4,横　浜,17:45,1502.5510406082933,1430.2444759415982,0.649696689190431,7.00606621619138,1509.5571068244847,1423.2384097254069
2025-08-05,GAME20250805CDHT0577,中日,阪神,2,6,バンテリンドーム,18:00,1468.8037894575605,1610.970686625388,0.35048631380487116,-7.009726276097423,1461.7940631814631,1617.9804129014854
2025-08-05,GAME20250805YGYS0578,巨人,ヤクルト,5,2,東京ドーム,18:02,1497.812433747977,1489.6175736191833,0.56184409419278,8.7631181161444,1506.5755518641213,1480.854455503039
2025-08-06,GAME20250806DBHC0581,DeNA,広島,5,8,横　浜,17:45,1509.5571068244847,1423.2384097254069,0.6678255177432576,-13.356510354865152,1496.2005964696195,1436.594920080272
2025-08-06,GAME20250806CDHT0583,中日,阪神,2,3,バンテリンドーム,18:00,1461.7940631814631,1617.9804129014854,0.3323435091579335,-6.646870183158669,1455.1471929983045,1624.627283084644
2025-08-06,GAME20250806YGYS0584,巨人,ヤクルト,2,0,東京ドーム,18:00,1506.5755518641213,1480.854455503039,0.5865057172590339,8.269885654819323,1514.8454375189406,1472.5845698482196
2025-08-07,GAME20250807DBHC0587,DeNA,広島,9,5,横　浜,17:45,1496.2005964696195,1436.594920080272,0.6328804623135291,7.3423907537294175,1503.542987223349,1429.2525293265426
2025-08-07,GAME20250807CDHT0589,中日,阪神,8,3,バンテリンドーム,18:00,1455.1471929983045,1624.627283084644,0.3155864628269002,13.688270743461995,1468.8354637417665,1610.939012341182
2025-08-07,GAME20250807YGYS0590,巨人,ヤクルト,2,3,東京ドーム,18:01,1514.8454375189406,1472.5845698482196,0.6093901114820814,-12.18780222964163,1502.657635289299,1484.7723720778613
2025-08-08,GAME20250808CDHC0594,中日,広島,2,3,バンテリンドーム,18:00,1468.8354637417665,1429.2525293265426,0.6057145944965905,-12.11429188993181,1456.7211718518347,1441.3668212164744
2025-08-08,GAME20250808DBYG0593,DeNA,巨人,2,12,横　浜,18:00,1503.542987223349,1502.657635289299,0.5514603087323487,-11.029206174646975,1492.513781048702,1513.686841463946
2025-08-08,GAME20250808HTYS0595,阪神,ヤクルト,1,3,京セラD大阪,18:00,1610.939012341182,1484.7723720778613,0.7166185373398444,-14.332370746796887,1596.606641594385,1499.1047428246582
2025-08-09,GAME20250809CDHC0599,中日,広島,2,0,バンテリンドーム,14:00,1456.7211718518347,1441.3668212164744,0.5719625787411488,8.560748425177025,1465.2819202770117,1432.8060727912973
2025-08-09,GAME20250809HTYS0600,阪神,ヤクルト,6,2,京セラD大阪,18:00,1596.606641594385,1499.1047428246582,0.681948807949031,6.36102384101938,1602.9676654354046,1492.7437189836387
2025-08-09,GAME20250809DBYG0597,DeNA,巨人,3,4,横　浜,18:01,1492.513781048702,1513.686841463946,0.5198880670636685,-10.39776134127337,1482.1160197074287,1524.0846028052192
2025-08-10,GAME20250810CDHC0603,中日,広島,5,6,バンテリンドーム,13:30,1465.2819202770117,1432.8060727912973,0.5959028187729639,-11.918056375459278,1453.3638639015526,1444.7241291667565
2025-08-10,GAME20250810HTYS0604,阪神,ヤクルト,5,2,京セラD大阪,18:01,1602.9676654354046,1492.7437189836387,0.6976170885650512,6.0476582286989755,1609.0153236641036,1486.6960607549397
2025-08-11,GAME20250811YGCD0609,巨人,中日,0,2,東京ドーム,14:00,1524.0846028052192,1453.3638639015526,0.6476162408802507,-12.952324817605014,1511.1322779876143,1466.3161887191575
2025-08-11,GAME20250811YSDB0607,ヤクルト,DeNA,9,4,神　宮,18:01,1486.6960607549397,1482.1160197074287,0.5567151223965047,8.865697552069907,1495.5617583070095,1473.2503221553588
2025-08-12,GAME20250812HCHT0613,広島,阪神,9,2,マツダスタジアム,18:00,1444.7241291667565,1609.0153236641036,0.3220733148143012,13.558533703713977,1458.2826628704704,1595.4567899603896
2025-08-12,GAME20250812YGCD0612,巨人,中日,5,0,東京ドーム,18:00,1511.1322779876143,1466.3161887191575,0.612885672257307,7.742286554853861,1518.874564542468,1458.5739021643037
2025-08-12,GAME20250812YSDB0611,ヤクルト,DeNA,3,1,神　宮,18:00,1495.5617583070095,1473.2503221553588,0.5817377572235488,8.365244855529024,1503.9270031625385,1464.8850772998298
2025-08-13,GAME20250813YGCD0616,巨人,中日,3,4,東京ドーム,18:00,1518.874564542468,1458.5739021643037,0.6338094918898635,-12.676189837797269,1506.1983747046709,1471.250092002101
2025-08-13,GAME20250813YSDB0615,ヤクルト,DeNA,2,10,神　宮,18:00,1503.9270031625385,1464.8850772998298,0.604970580301363,-12.09941160602726,1491.8275915565114,1476.984488905857
2025-08-13,GAME20250813HCHT0617,広島,阪神,0,2,マツダスタジアム,18:01,1458.2826628704704,1595.4567899603896,0.35705679008904284,-7.141135801780857,1451.1415270686896,1602.5979257621705
2025-08-15,GAME20250815CDDB0625,中日,DeNA,3,4,バンテリンドーム,18:00,1471.250092002101,1476.984488905857,0.5420172613480924,-10.840345226961848,1460.4097467751392,1487.8248341328188
2025-08-15,GAME20250815YGHT0626,巨人,阪神,6,5,東京ドーム,18:00,1506.1983747046709,1602.5979257621705,0.41254745481869076,11.749050903626186,1517.947425608297,1590.8488748585444
2025-08-15,GAME20250815HCYS0627,広島,ヤクルト,1,2,マツダスタジアム,18:01,1451.1415270686896,1491.8275915565114,0.49181782591100337,-9.836356518220068,1441.3051705504695,1501.6639480747315
2025-08-16,GAME20250816CDDB0631,中日,DeNA,0,6,バンテリンドーム,14:02,1460.4097467751392,1487.8248341328188,0.5109138329553542,-10.218276659107083,1450.1914701160322,1498.0431107919258
2025-08-16,GAME20250816YGHT0632,巨人,阪神,0,3,東京ドーム,14:04,1517.947425608297,1590.8488748585444,0.4456707730941487,-8.913415461882973,1509.034010146414,1599.7622903204274
2025-08-16,GAME20250816HCYS0633,広島,ヤクルト,5,3,マツダスタジアム,18:00,1441.3051705504695,1501.6639480747315,0.463570453102213,10.72859093795574,1452.0337614884252,1490.9353571367758
2025-08-17,GAME20250817YGHT0638,巨人,阪神,1,3,東京ドーム,13:00,1509.034010146414,1599.7622903204274,0.4204813379973545,-8.40962675994709,1500.624383386467,1608.1719170803744
2025-08-17,GAME20250817CDDB0637,中日,DeNA,4,5,バンテリンドーム,13:30,1450.1914701160322,1498.0431107919258,0.4815134330556557,-9.630268661113114,1440.561201454919,1507.673379453039
2025-08-17,GAME20250817HCYS0639,広島,ヤクルト,2,7,マツダスタジアム,18:01,1452.0337614884252,1490.9353571367758,0.49438538852343383,-9.887707770468676,1442.1460537179564,1500.8230649072445
2025-08-19,GAME20250819HTCD0646,阪神,中日,5,4,京セラD大阪,18:00,1608.1719170803744,1440.561201454919,0.7624793816237319,4.750412367525363,1612.9223294478998,1435.8107890873937
2025-08-19,GAME20250819YSYG0643,ヤクルト,巨人,2,15,神　宮,18:00,1500.8230649072445,1500.624383386467,0.5504823805632323,-11.009647611264645,1489.81341729598,1511.6340309977315
2025-08-19,GAME20250819DBHC0642,DeNA,広島,1,3,横　浜,18:01,1507.673379453039,1442.1460537179564,0.6407640331266619,-12.815280662533237,1494.8580987905057,1454.9613343804897
2025-08-20,GAME20250820DBHC0648,DeNA,広島,7,4,横　浜,18:00,1494.8580987905057,1454.9613343804897,0.6061459604214959,7.877080791570082,1502.7351795820757,1447.0842535889196
2025-08-20,GAME20250820HTCD0652,阪神,中日,1,2,京セラD大阪,18:00,1612.9223294478998,1435.8107890873937,0.7722416247625823,-15.444832495251646,1597.4774969526482,1451.2556215826453
2025-08-20,GAME20250820YSYG0649,ヤクルト,巨人,7,2,神　宮,18:02,1489.81341729598,1511.6340309977315,0.5189575694718551,9.620848610562899,1499.4342659065428,1502.0131823871686
2025-08-21,GAME20250821DBHC0653,DeNA,広島,2,5,横　浜,18:00,1502.7351795820757,1447.0842535889196,0.627575272671143,-12.551505453422859,1490.183674128653,1459.6357590423424
2025-08-21,GAME20250821YSYG0654,ヤクルト,巨人,1,7,神　宮,18:01,1499.4342659065428,1502.0131823871686,0.5465227318205422,-10.930454636410845,1488.503811270132,1512.9436370235794
2025-08-22,GAME20250822YGDB0659,巨人,DeNA,8,1,東京ドーム,18:00,1512.9436370235794,1490.183674128653,0.5823658561756699,8.3526828764866,1521.296319900066,1481.8309912521663
2025-08-22,GAME20250822YSHT0657,ヤクルト,阪神,1,3,神　宮,18:00,1488.503811270132,1597.4774969526482,0.39512330064554374,-7.902466012910875,1480.601345257221,1605.3799629655591
2025-08-22,GAME20250822HCCD0660,広島,中日,4,6,マツダスタジアム,18:01,1459.6357590423424,1451.2556215826453,0.5621066331687954,-11.242132663375909,1448.3936263789665,1462.4977542460213
2025-08-23,GAME20250823YGDB0665,巨人,DeNA,4,1,東京ドーム,14:00,1521.296319900066,1481.8309912521663,0.6055529004152516,7.888941991694969,1529.185261891761,1473.9420492604713
2025-08-23,GAME20250823HCCD0666,広島,中日,2,5,マツダスタジアム,18:00,1448.3936263789665,1462.4977542460213,0.5300353713901451,-10.600707427802902,1437.7929189511635,1473.0984616738242
2025-08-23,GAME20250823YSHT0663,ヤクルト,阪神,2,2,神　宮,18:00,1480.601345257221,1605.3799629655591,0.3735991039987207,2.5280179200255857,1483.1293631772467,1602.8519450455335
2025-08-24,GAME20250824YGDB0671,巨人,DeNA,2,4,東京ドーム,14:00,1529.185261891761,1473.9420492604713,0.6270265602019737,-12.540531204039473,1516.6447306877214,1486.4825804645109
2025-08-24,GAME20250824YSHT0669,ヤクルト,阪神,1,8,神　宮,17:01,1483.1293631772467,1602.8519450455335,0.38043497617378386,-7.608699523475677,1475.520663653771,1610.4606445690092
2025-08-24,GAME20250824HCCD0672,広島,中日,5,4,マツダスタジアム,18:00,1437.7929189511635,1473.0984616738242,0.4995602887893107,10.008794224213787,1447.8017131753772,1463.0896674496105
2025-08-26,GAME20250826DBHT0676,DeNA,阪神,2,3,横　浜,17:46,1486.4825804645109,1610.4606445690092,0.37467819132526387,-7.4935638265052775,1478.9890166380055,1617.9542083955146
2025-08-26,GAME20250826CDYS0677,中日,ヤクルト,0,2,バンテリンドーム,18:00,1463.0896674496105,1475.520663653771,0.5324338004071463,-10.648676008142925,1452.4409914414675,1486.169339661914
2025-08-26,GAME20250826HCYG0678,広島,巨人,4,1,マツダスタジアム,18:00,1447.8017131753772,1516.6447306877214,0.4514494401897607,10.971011196204788,1458.772724371582,1505.6737194915167
2025-08-27,GAME20250827DBHT0682,DeNA,阪神,1,2,横　浜,17:46,1478.9890166380055,1617.9542083955146,0.3546934106500739,-7.093868213001478,1471.895148425004,1625.048076608516
2025-08-27,GAME20250827CDYS0683,中日,ヤクルト,3,0,バンテリンドーム,18:00,1452.4409914414675,1486.169339661914,0.5018300458474289,9.963399083051423,1462.404390524519,1476.2059405788625
2025-08-27,GAME20250827HCYG0684,広島,巨人,3,2,マツダスタジアム,19:00,1458.772724371582,1505.6737194915167,0.48287978660692404,10.342404267861518,1469.1151286394434,1495.3313152236553
2025-08-28,GAME20250828DBHT0687,DeNA,阪神,5,4,横　浜,17:45,1471.895148425004,1625.048076608516,0.33622940333315865,13.275411933336827,1485.1705603583407,1611.7726646751794
2025-08-28,GAME20250828CDYS0688,中日,ヤクルト,4,3,バンテリンドーム,18:00,1462.404390524519,1476.2059405788625,0.5304692217604016,9.390615564791968,1471.7950060893108,1466.8153250140706
2025-08-28,GAME20250828HCYG0689,広島,巨人,8,3,マツダスタジアム,18:02,1469.1151286394434,1495.3313152236553,0.5126382310920213,9.747235378159573,1478.8623640176029,1485.5840798454958
2025-08-29,GAME20250829DBCD0690,DeNA,中日,8,9,横　浜,18:00,1485.1705603583407,1471.7950060893108,0.569171593110159,-11.38343186220318,1473.7871284961375,1483.178437951514
2025-08-29,GAME20250829YSHC0691,ヤクルト,広島,2,4,神　宮,18:00,1466.8153250140706,1478.8623640176029,0.5329839945106849,-10.659679890213699,1456.1556451238569,1489.5220439078166
2025-08-29,GAME20250829HTYG0694,阪神,巨人,3,4,甲子園,18:01,1611.7726646751794,1485.5840798454958,0.7166441898750369,-14.332883797500738,1597.4397808776787,1499.9169636429965
2025-08-30,GAME20250830DBCD0696,DeNA,中日,7,9,横　浜,18:01,1473.7871284961375,1483.178437951514,0.5367872726323342,-10.735745452646682,1463.051383043491,1493.9141834041607
2025-08-30,GAME20250830HTYG0700,阪神,巨人,3,2,甲子園,18:01,1597.4397808776787,1499.9169636429965,0.6819749250396407,6.360501499207185,1603.800282376886,1493.5564621437893
2025-08-30,GAME20250830YSHC0697,ヤクルト,広島,5,4,神　宮,18:01,1456.1556451238569,1489.5220439078166,0.5023509238054915,9.95298152389017,1466.108626647747,1479.5690623839264
2025-08-31,GAME20250831YSHC0703,ヤクルト,広島,7,4,神　宮,17:00,1466.108626647747,1479.5690623839264,0.5309582723433426,9.380834553133148,1475.4894612008802,1470.1882278307933
2025-08-31,GAME20250831DBCD0702,DeNA,中日,2,0,横　浜,18:01,1463.051383043491,1493.9141834041607,0.5059536274873899,9.880927450252202,1472.932310493743,1484.0332559539086
2025-08-31,GAME20250831HTYG0706,阪神,巨人,5,4,甲子園,18:01,1603.800282376886,1493.5564621437893,0.697641220977548,6.04717558044904,1609.8474579573349,1487.5092865633403
2025-09-02,GAME20250902CDHT0710,中日,阪神,3,5,バンテリンドーム,18:00,1484.0332559539086,1609.8474579573349,0.37220507778529216,-7.444101555705843,1476.5891543982027,1617.2915595130407
2025-09-02,GAME20250902HCDB0712,広島,DeNA,5,8,マツダスタジアム,18:00,1470.1882278307933,1472.932310493743,0.5462870859911156,-10.925741719822312,1459.262486110971,1483.8580522135653
2025-09-02,GAME20250902YGYS0711,巨人,ヤクルト,4,1,京セラD大阪,18:00,1487.5092865633403,1475.4894612008802,0.5672568593099577,8.654862813800845,1496.1641493771413,1466.8345983870793
2025-09-03,GAME20250903CDHT0716,中日,阪神,5,2,バンテリンドーム,18:00,1476.5891543982027,1617.2915595130407,0.3524078442114018,12.951843115771965,1489.5409975139746,1604.3397163972688
2025-09-03,GAME20250903HCDB0718,広島,DeNA,2,1,マツダスタジアム,18:00,1459.262486110971,1483.8580522135653,0.5149687096920271,9.700625806159458,1468.9631119171304,1474.1574264074059
2025-09-03,GAME20250903YGYS0717,巨人,ヤクルト,5,3,京セラD大阪,18:00,1496.1641493771413,1466.8345983870793,0.5915340434016889,8.169319131966223,1504.3334685091074,1458.665279255113
2025-09-04,GAME20250904CDHT0722,中日,阪神,5,7,バンテリンドーム,18:00,1489.5409975139746,1604.3397163972688,0.3871380517889376,-7.742761035778752,1481.7982364781958,1612.0824774330476
2025-09-04,GAME20250904YGYS0723,巨人,ヤクルト,1,12,岐　阜,18:00,1504.3334685091074,1458.665279255113,0.6140487900281723,-12.280975800563445,1492.052492708544,1470.9462550556766
2025-09-04,GAME20250904HCDB0724,広島,DeNA,0,1,マツダスタジアム,18:01,1468.9631119171304,1474.1574264074059,0.5427889122753006,-10.855778245506011,1458.1073336716245,1485.0132046529118
2025-09-05,GAME20250905CDYG0728,中日,巨人,1,0,バンテリンドーム,18:00,1481.7982364781958,1492.052492708544,0.5355518917428684,9.288962165142632,1491.0871986433385,1482.7635305434012
2025-09-05,GAME20250905DBYS0727,DeNA,ヤクルト,7,6,横　浜,18:00,1485.0132046529118,1470.9462550556766,0.5701472779719199,8.597054440561603,1493.6102590934734,1462.349200615115
2025-09-05,GAME20250905HTHC0729,阪神,広島,6,1,甲子園,18:01,1612.0824774330476,1458.1073336716245,0.7479725694427084,5.040548611145832,1617.1230260441935,1453.0667850604787
2025-09-06,GAME20250906CDYG0734,中日,巨人,4,5,バンテリンドーム,14:00,1491.0871986433385,1482.7635305434012,0.5620266194598563,-11.240532389197126,1479.8466662541414,1494.0040629325983
2025-09-06,GAME20250906DBYS0733,DeNA,ヤクルト,2,3,横　浜,18:00,1493.6102590934734,1462.349200615115,0.5942177897232004,-11.884355794464007,1481.7259032990094,1474.233556409579
2025-09-06,GAME20250906HTHC0735,阪神,広島,4,1,甲子園,18:01,1617.1230260441935,1453.0667850604787,0.7587538862318342,4.824922275363317,1621.9479483195569,1448.2418627851152
2025-09-07,GAME20250907CDYG0740,中日,巨人,3,6,バンテリンドーム,13:30,1479.8466662541414,1494.0040629325983,0.5299589873324284,-10.599179746648568,1469.2474865074928,1504.603242679247
2025-09-07,GAME20250907DBYS0739,DeNA,ヤクルト,3,2,横　浜,18:01,1481.7259032990094,1474.233556409579,0.5608483157093392,8.783033685813216,1490.5089369848226,1465.4505227237657
2025-09-07,GAME20250907HTHC0741,阪神,広島,2,0,甲子園,18:01,1621.9479483195569,1448.2418627851152,0.7687753069816051,4.624493860367897,1626.5724421799248,1443.6173689247473
2025-09-09,GAME20250909YSCD0744,ヤクルト,中日,3,2,神　宮,18:00,1465.4505227237657,1469.2474865074928,0.5447844366859093,9.104311266281815,1474.5548339900477,1460.1431752412109
2025-09-09,GAME20250909YGHC0746,巨人,広島,6,4,東京ドーム,18:01,1504.603242679247,1443.6173689247473,0.6347244819204987,7.305510361590026,1511.908753040837,1436.3118585631573
2025-09-09,GAME20250909HTDB0749,阪神,DeNA,0,3,甲子園,18:02,1626.5724421799248,1490.5089369848226,0.7280439000353942,-14.560878000707884,1612.011564179217,1505.0698149855305
2025-09-10,GAME20250910YGHC0751,巨人,広島,4,3,東京ドーム,18:00,1511.908753040837,1436.3118585631573,0.6539950952756378,6.920098094487244,1518.8288511353242,1429.39176046867
2025-09-10,GAME20250910YSCD0750,ヤクルト,中日,3,6,神　宮,18:00,1474.5548339900477,1460.1431752412109,0.5706335224227789,-11.412670448455577,1463.142163541592,1471.5558456896665
2025-09-10,GAME20250910HTDB0752,阪神,DeNA,1,6,甲子園,18:01,1612.011564179217,1505.0698149855305,0.6936166616260404,-13.872333232520809,1598.1392309466962,1518.9421482180512
2025-09-11,GAME20250911YGHC0755,巨人,広島,2,3,東京ドーム,18:00,1518.8288511353242,1429.39176046867,0.6717955850948293,-13.435911701896586,1505.3929394334275,1442.8276721705668
2025-09-11,GAME20250911YSCD0753,ヤクルト,中日,6,5,神　宮,18:00,1463.142163541592,1471.5558456896665,0.5381862821456416,9.236274357087169,1472.3784378986793,1462.3195713325792
2025-09-11,GAME20250911HTDB0757,阪神,DeNA,2,0,甲子園,18:01,1598.1392309466962,1518.9421482180512,0.6586696294427873,6.826607411144254,1604.9658383578405,1512.115540806907
2025-09-12,GAME20250912HCCD0759,広島,中日,9,0,マツダスタジアム,18:00,1442.8276721705668,1462.3195713325792,0.5223031411082859,9.553937177834282,1452.381609348401,1452.765634154745
2025-09-12,GAME20250912YSDB0758,ヤクルト,DeNA,2,10,神　宮,18:00,1472.3784378986793,1512.115540806907,0.4931831833200989,-9.863663666401978,1462.5147742322772,1521.979204473309
2025-09-13,GAME20250913HCCD0765,広島,中日,5,0,マツダスタジアム,14:00,1452.381609348401,1452.765634154745,0.5496522073555957,9.006955852888085,1461.388565201289,1443.758678301857
2025-09-13,GAME20250913YGHT0764,巨人,阪神,11,10,東京ドーム,14:00,1505.3929394334275,1604.9658383578405,0.408127530990499,11.83744938019002,1517.2303888136175,1593.1283889776505
2025-09-13,GAME20250913YSDB0763,ヤクルト,DeNA,2,6,神　宮,18:20,1462.5147742322772,1521.979204473309,0.4648509272882534,-9.297018545765068,1453.2177556865122,1531.276223019074
2025-09-14,GAME20250914DBYG0769,DeNA,巨人,9,7,横　浜,18:00,1531.276223019074,1517.2303888136175,0.5701174883301919,8.59765023339616,1539.87387325247,1508.6327385802215
2025-09-14,GAME20250914HCYS0770,広島,ヤクルト,6,8,マツダスタジアム,18:00,1461.388565201289,1453.2177556865122,0.5618100118002763,-11.236200236005526,1450.1523649652836,1464.4539559225177
2025-09-14,GAME20250914HTCD0773,阪神,中日,0,1,甲子園,18:01,1593.1283889776505,1443.758678301857,0.7429422156367594,-14.858844312735188,1578.2695446649152,1458.6175226145922
2025-09-15,GAME20250915HTCD0779,阪神,中日,6,2,甲子園,14:00,1578.2695446649152,1458.6175226145922,0.7089414725112975,5.821170549774051,1584.0907152146892,1452.7963520648182
2025-09-15,GAME20250915HCYS0776,広島,ヤクルト,6,2,マツダスタジアム,14:01,1450.1523649652836,1464.4539559225177,0.5297522149573363,9.404955700853275,1459.5573206661368,1455.0490002216645
2025-09-15,GAME20250915DBYG0775,DeNA,巨人,3,0,横　浜,18:01,1539.87387325247,1508.6327385802215,0.5941901348705028,8.116197302589946,1547.99007055506,1500.5165412776316
2025-09-17,GAME20250917CDDB0784,中日,DeNA,0,1,バンテリンドーム,18:00,1452.7963520648182,1547.99007055506,0.41423071549005624,-8.284614309801125,1444.511737755017,1556.274684864861
2025-09-17,GAME20250917YSYG0783,ヤクルト,巨人,2,4,神　宮,18:01,1455.0490002216645,1500.5165412776316,0.48494055369676853,-9.69881107393537,1445.3501891477292,1510.215352351567
2025-09-17,GAME20250917HCHT0785,広島,阪神,1,6,マツダスタジアム,19:10,1459.5573206661368,1584.0907152146892,0.3739295137101434,-7.478590274202867,1452.078730391934,1591.569305488892
2025-09-18,GAME20250918CDDB0790,中日,DeNA,4,7,バンテリンドーム,18:00,1444.511737755017,1556.274684864861,0.39129236908002635,-7.825847381600527,1436.6858903734164,1564.1005322464616
2025-09-18,GAME20250918HCHT0791,広島,阪神,2,7,マツダスタジアム,18:00,1452.078730391934,1591.569305488892,0.35400148397927694,-7.080029679585539,1444.9987007123484,1598.6493351684776
2025-09-18,GAME20250918YSYG0788,ヤクルト,巨人,5,0,神　宮,18:00,1445.3501891477292,1510.215352351567,0.45712612055044766,10.857477588991047,1456.2076667367203,1499.3578747625759
2025-09-19,GAME20250919CDYS0793,中日,ヤクルト,2,6,バンテリンドーム,18:00,1436.6858903734164,1456.2076667367203,0.522260229746353,-10.445204594927059,1426.2406857784895,1466.6528713316472
2025-09-19,GAME20250919YGHC0794,巨人,広島,5,4,東京ドーム,18:00,1499.3578747625759,1444.9987007123484,0.6258356729303679,7.483286541392642,1506.8411613039684,1437.5154141709559
2025-09-19,GAME20250919HTDB0796,阪神,DeNA,4,0,甲子園,18:01,1598.6493351684776,1564.1005322464616,0.5987729718170038,8.024540563659922,1606.6738757321375,1556.0759916828017
2025-09-20,GAME20250920CDYS0798,中日,ヤクルト,3,0,バンテリンドーム,14:00,1426.2406857784895,1466.6528713316472,0.49221186883418633,10.155762623316274,1436.3964484018059,1456.4971087083309
2025-09-20,GAME20250920YGHC0799,巨人,広島,3,1,東京ドーム,14:00,1506.8411613039684,1437.5154141709559,0.6457815042315862,7.084369915368276,1513.9255312193368,1430.4310442555875
2025-09-20,GAME20250920HTDB0802,阪神,DeNA,1,4,甲子園,14:01,1606.6738757321375,1556.0759916828017,0.6207519359344971,-12.415038718689942,1594.2588370134476,1568.4910304014916
2025-09-21,GAME20250921CDYG0806,中日,巨人,5,2,バンテリンドーム,13:30,1436.3964484018059,1513.9255312193368,0.43909960067846115,11.218007986430777,1447.6144563882367,1502.707523232906
2025-09-21,GAME20250921DBHC0804,DeNA,広島,7,2,横　浜,18:00,1568.4910304014916,1430.4310442555875,0.7303134290958868,5.393731418082264,1573.884761819574,1425.0373128375052
2025-09-21,GAME20250921YSHT0805,ヤクルト,阪神,8,1,神　宮,18:00,1456.4971087083309,1594.2588370134476,0.3562806538782314,12.874386922435372,1469.3714956307663,1581.3844500910122
2025-09-22,GAME20250922YSHT0810,ヤクルト,阪神,3,2,神　宮,18:00,1469.3714956307663,1581.3844500910122,0.3909496402916959,12.181007194166082,1481.5525028249324,1569.2034428968461
2025-09-23,GAME20250923DBHT0813,DeNA,阪神,2,2,横　浜,14:00,1573.884761819574,1569.2034428968461,0.5568589929256988,-1.137179858513977,1572.74758196106,1570.34062275536
2025-09-23,GAME20250923YSCD0814,ヤクルト,中日,0,3,神　宮,18:00,1481.5525028249324,1447.6144563882367,0.5979280304980631,-11.958560609961262,1469.593942214971,1459.573016998198
2025-09-23,GAME20250923HCYG0816,広島,巨人,5,0,マツダスタジアム,18:01,1425.0373128375052,1502.707523232906,0.4388995247382285,11.222009505235429,1436.2593223427407,1491.4855137276704
2025-09-26,GAME20250926DBYG0823,DeNA,巨人,5,4,横　浜,18:00,1572.74758196106,1491.4855137276704,0.6613370519859908,6.7732589602801845,1579.52084092134,1484.7122547673903
2025-09-26,GAME20250926YSHC0824,ヤクルト,広島,11,1,神　宮,18:00,1469.593942214971,1436.2593223427407,0.5970926580406196,8.058146839187607,1477.6520890541588,1428.201175503553
2025-09-26,GAME20250926HTCD0826,阪神,中日,6,2,甲子園,18:02,1570.34062275536,1459.573016998198,0.6982768516553142,6.034462966893717,1576.3750857222537,1453.5385540313043
2025-09-27,GAME20250927DBYG0829,DeNA,巨人,8,9,横　浜,14:00,1579.52084092134,1484.7122547673903,0.6785766385356711,-13.571532770713421,1565.9493081506266,1498.2837875381038
2025-09-27,GAME20250927HTCD0832,阪神,中日,3,5,甲子園,14:02,1576.3750857222537,1453.5385540313043,0.7127095220009871,-14.254190440019743,1562.120895282234,1467.792744471324
2025-09-27,GAME20250927YSHC0830,ヤクルト,広島,3,1,神　宮,18:00,1477.6520890541588,1428.201175503553,0.6191963492875279,7.616073014249443,1485.2681620684082,1420.5851024893036
2025-09-28,GAME20250928HTCD0838,阪神,中日,2,4,甲子園,14:00,1562.120895282234,1467.792744471324,0.6779731330097163,-13.559462660194326,1548.5614326220395,1481.3522071315185
2025-09-28,GAME20250928YSYG0835,ヤクルト,巨人,4,4,神　宮,18:00,1485.2681620684082,1498.2837875381038,0.5315959008278877,-0.6319180165577531,1484.6362440518503,1498.9157055546616
2025-09-28,GAME20250928HCDB0837,広島,DeNA,2,10,マツダスタジアム,18:01,1420.5851024893036,1565.9493081506266,0.3463080686212134,-6.926161372424268,1413.6589411168793,1572.875469523051
2025-09-30,GAME20250930YGCD0845,巨人,中日,4,2,東京ドーム,18:00,1498.9157055546616,1481.3522071315185,0.5750730537518682,8.498538924962634,1507.4142444796241,1472.853668206556
2025-09-30,GAME20250930DBYS0843,DeNA,ヤクルト,4,5,横　浜,18:01,1572.875469523051,1484.6362440518503,0.6702734322628856,-13.405468645257713,1559.4700008777932,1498.041712697108
2025-10-01,GAME20251001DBYS0847,DeNA,ヤクルト,9,6,横　浜,18:00,1559.4700008777932,1498.041712697108,0.6353147395009472,7.293705209981056,1566.7637060877742,1490.748007487127
2025-10-01,GAME20251001YGCD0848,巨人,中日,5,2,東京ドーム,18:00,1507.4142444796241,1472.853668206556,0.5987892537233832,8.024214925532336,1515.4384594051564,1464.8294532810237
2025-10-02,GAME20251002HTYS0850,阪神,ヤクルト,6,2,甲子園,18:01,1548.5614326220395,1490.748007487127,0.6304801059897142,7.390397880205716,1555.9518305022452,1483.3576096069214
2025-10-03,GAME20251003HCYS0852,広島,ヤクルト,1,6,マツダスタジアム,18:05,1413.6589411168793,1483.3576096069214,0.4502299637659747,-9.004599275319494,1404.6543418415597,1492.362208882241
2025-10-04,GAME20251004HCYS0855,広島,ヤクルト,1,3,マツダスタジアム,13:30,1404.6543418415597,1492.362208882241,0.42472387956927765,-8.494477591385554,1396.1598642501742,1500.8566864736265
