date,team,elo
2026-03-26,DeNA,1500.0
2026-03-26,ヤクルト,1500.0
2026-03-26,中日,1500.0
2026-03-26,巨人,1500.0
2026-03-26,広島,1500.0
2026-03-26,阪神,1500.0
2026-03-27,DeNA,1500.0
2026-03-27,ヤクルト,1500.0
2026-03-27,中日,1500.0
2026-03-27,巨人,1500.0
2026-03-27,広島,1500.0
2026-03-27,阪神,1500.0
2026-03-27,DeNA,1486.7952155219152
2026-03-27,ヤクルト,1513.2047844780848
2026-03-27,中日,1500.0
2026-03-27,巨人,1500.0
2026-03-27,広島,1500.0
2026-03-27,阪神,1500.0
2026-03-27,DeNA,1486.7952155219152
2026-03-27,ヤクルト,1513.2047844780848
2026-03-27,中日,1489.2047844780848
2026-03-27,巨人,1500.0
2026-03-27,広島,1510.7952155219152
2026-03-27,阪神,1500.0
2026-03-27,DeNA,1486.7952155219152
2026-03-27,ヤクルト,1513.2047844780848
2026-03-27,中日,1489.2047844780848
2026-03-27,巨人,1500.0
2026-03-27,広島,1510.7952155219152
2026-03-27,阪神,1500.0
2026-03-27,DeNA,1486.7952155219152
2026-03-27,ヤクルト,1513.2047844780848
2026-03-27,中日,1489.2047844780848
2026-03-27,巨人,1500.0
2026-03-27,広島,1510.7952155219152
2026-03-27,阪神,1500.0
2026-03-27,DeNA,1486.7952155219152
2026-03-27,ヤクルト,1513.2047844780848
2026-03-27,中日,1489.2047844780848
2026-03-27,巨人,1510.7952155219152
2026-03-27,広島,1510.7952155219152
2026-03-27,阪神,1489.2047844780848
2026-03-28,DeNA,1486.7952155219152
2026-03-28,ヤクルト,1513.2047844780848
2026-03-28,中日,1489.2047844780848
2026-03-28,巨人,1510.7952155219152
2026-03-28,広島,1510.7952155219152
2026-03-28,阪神,1489.2047844780848
2026-03-28,DeNA,1474.4985729920993
2026-03-28,ヤクルト,1525.5014270079007
2026-03-28,中日,1489.2047844780848
2026-03-28,巨人,1510.7952155219152
2026-03-28,広島,1510.7952155219152
2026-03-28,阪神,1489.2047844780848
2026-03-28,DeNA,1474.4985729920993
2026-03-28,ヤクルト,1525.5014270079007
2026-03-28,中日,1479.1422453309576
2026-03-28,巨人,1510.7952155219152
2026-03-28,広島,1520.8577546690424
2026-03-28,阪神,1489.2047844780848
2026-03-28,DeNA,1474.4985729920993
2026-03-28,ヤクルト,1525.5014270079007
2026-03-28,中日,1479.1422453309576
2026-03-28,巨人,1510.7952155219152
2026-03-28,広島,1520.8577546690424
2026-03-28,阪神,1489.2047844780848
2026-03-28,DeNA,1474.4985729920993
2026-03-28,ヤクルト,1525.5014270079007
2026-03-28,中日,1479.1422453309576
2026-03-28,巨人,1510.7952155219152
2026-03-28,広島,1520.8577546690424
2026-03-28,阪神,1489.2047844780848
2026-03-28,DeNA,1474.4985729920993
2026-03-28,ヤクルト,1525.5014270079007
2026-03-28,中日,1479.1422453309576
2026-03-28,巨人,1496.8577546690424
2026-03-28,広島,1520.8577546690424
2026-03-28,阪神,1503.1422453309576
2026-03-29,DeNA,1474.4985729920993
2026-03-29,ヤクルト,1525.5014270079007
2026-03-29,中日,1479.1422453309576
2026-03-29,巨人,1496.8577546690424
2026-03-29,広島,1520.8577546690424
2026-03-29,阪神,1503.1422453309576
2026-03-29,DeNA,1463.0509014526601
2026-03-29,ヤクルト,1536.9490985473399
2026-03-29,中日,1479.1422453309576
2026-03-29,巨人,1496.8577546690424
2026-03-29,広島,1520.8577546690424
2026-03-29,阪神,1503.1422453309576
2026-03-29,DeNA,1463.0509014526601
2026-03-29,ヤクルト,1536.9490985473399
2026-03-29,中日,1469.7496674323072
2026-03-29,巨人,1496.8577546690424
2026-03-29,広島,1530.2503325676928
2026-03-29,阪神,1503.1422453309576
2026-03-29,DeNA,1463.0509014526601
2026-03-29,ヤクルト,1536.9490985473399
2026-03-29,中日,1469.7496674323072
2026-03-29,巨人,1496.8577546690424
2026-03-29,広島,1530.2503325676928
2026-03-29,阪神,1503.1422453309576
2026-03-29,DeNA,1463.0509014526601
2026-03-29,ヤクルト,1536.9490985473399
2026-03-29,中日,1469.7496674323072
2026-03-29,巨人,1496.8577546690424
2026-03-29,広島,1530.2503325676928
2026-03-29,阪神,1503.1422453309576
2026-03-29,DeNA,1463.0509014526601
2026-03-29,ヤクルト,1536.9490985473399
2026-03-29,中日,1469.7496674323072
2026-03-29,巨人,1483.868208285485
2026-03-29,広島,1530.2503325676928
2026-03-29,阪神,1516.131791714515
2026-03-31,DeNA,1463.0509014526601
2026-03-31,ヤクルト,1536.9490985473399
2026-03-31,中日,1457.029314530751
2026-03-31,巨人,1496.5885611870413
2026-03-31,広島,1530.2503325676928
2026-03-31,阪神,1516.131791714515
2026-03-31,DeNA,1463.0509014526601
2026-03-31,ヤクルト,1536.9490985473399
2026-03-31,中日,1457.029314530751
2026-03-31,巨人,1496.5885611870413
2026-03-31,広島,1530.2503325676928
2026-03-31,阪神,1516.131791714515
2026-03-31,DeNA,1463.0509014526601
2026-03-31,ヤクルト,1536.9490985473399
2026-03-31,中日,1457.029314530751
2026-03-31,巨人,1496.5885611870413
2026-03-31,広島,1530.2503325676928
2026-03-31,阪神,1516.131791714515
2026-03-31,DeNA,1454.0295655208506
2026-03-31,ヤクルト,1536.9490985473399
2026-03-31,中日,1457.029314530751
2026-03-31,巨人,1496.5885611870413
2026-03-31,広島,1530.2503325676928
2026-03-31,阪神,1525.1531276463243
2026-03-31,DeNA,1454.0295655208506
2026-03-31,ヤクルト,1536.9490985473399
2026-03-31,中日,1457.029314530751
2026-03-31,巨人,1496.5885611870413
2026-03-31,広島,1530.2503325676928
2026-03-31,阪神,1525.1531276463243
2026-03-31,DeNA,1454.0295655208506
2026-03-31,ヤクルト,1547.5157498112421
2026-03-31,中日,1457.029314530751
2026-03-31,巨人,1496.5885611870413
2026-03-31,広島,1519.6836813037905
2026-03-31,阪神,1525.1531276463243
2026-04-01,DeNA,1454.0295655208506
2026-04-01,ヤクルト,1547.5157498112421
2026-04-01,中日,1445.1867762932482
2026-04-01,巨人,1508.431099424544
2026-04-01,広島,1519.6836813037905
2026-04-01,阪神,1525.1531276463243
2026-04-01,DeNA,1454.0295655208506
2026-04-01,ヤクルト,1547.5157498112421
2026-04-01,中日,1445.1867762932482
2026-04-01,巨人,1508.431099424544
2026-04-01,広島,1519.6836813037905
2026-04-01,阪神,1525.1531276463243
2026-04-01,DeNA,1454.0295655208506
2026-04-01,ヤクルト,1547.5157498112421
2026-04-01,中日,1445.1867762932482
2026-04-01,巨人,1508.431099424544
2026-04-01,広島,1519.6836813037905
2026-04-01,阪神,1525.1531276463243
2026-04-01,DeNA,1469.5850512818747
2026-04-01,ヤクルト,1547.5157498112421
2026-04-01,中日,1445.1867762932482
2026-04-01,巨人,1508.431099424544
2026-04-01,広島,1519.6836813037905
2026-04-01,阪神,1509.5976418853002
2026-04-01,DeNA,1469.5850512818747
2026-04-01,ヤクルト,1547.5157498112421
2026-04-01,中日,1445.1867762932482
2026-04-01,巨人,1508.431099424544
2026-04-01,広島,1519.6836813037905
2026-04-01,阪神,1509.5976418853002
2026-04-02,DeNA,1469.5850512818747
2026-04-02,ヤクルト,1547.5157498112421
2026-04-02,中日,1458.1601573486064
2026-04-02,巨人,1495.4577183691858
2026-04-02,広島,1519.6836813037905
2026-04-02,阪神,1509.5976418853002
2026-04-02,DeNA,1469.5850512818747
2026-04-02,ヤクルト,1547.5157498112421
2026-04-02,中日,1458.1601573486064
2026-04-02,巨人,1495.4577183691858
2026-04-02,広島,1519.6836813037905
2026-04-02,阪神,1509.5976418853002
2026-04-02,DeNA,1469.5850512818747
2026-04-02,ヤクルト,1547.5157498112421
2026-04-02,中日,1458.1601573486064
2026-04-02,巨人,1495.4577183691858
2026-04-02,広島,1519.6836813037905
2026-04-02,阪神,1509.5976418853002
2026-04-02,DeNA,1460.13637426275
2026-04-02,ヤクルト,1547.5157498112421
2026-04-02,中日,1458.1601573486064
2026-04-02,巨人,1495.4577183691858
2026-04-02,広島,1519.6836813037905
2026-04-02,阪神,1519.0463189044249
2026-04-02,DeNA,1460.13637426275
2026-04-02,ヤクルト,1547.5157498112421
2026-04-02,中日,1458.1601573486064
2026-04-02,巨人,1495.4577183691858
2026-04-02,広島,1519.6836813037905
2026-04-02,阪神,1519.0463189044249
2026-04-02,DeNA,1460.13637426275
2026-04-02,ヤクルト,1557.368959765029
2026-04-02,中日,1458.1601573486064
2026-04-02,巨人,1495.4577183691858
2026-04-02,広島,1509.8304713500036
2026-04-02,阪神,1519.0463189044249
2026-04-03,DeNA,1460.13637426275
2026-04-03,ヤクルト,1557.368959765029
2026-04-03,中日,1458.1601573486064
2026-04-03,巨人,1495.4577183691858
2026-04-03,広島,1509.8304713500036
2026-04-03,阪神,1519.0463189044249
2026-04-03,DeNA,1460.13637426275
2026-04-03,ヤクルト,1557.368959765029
2026-04-03,中日,1458.1601573486064
2026-04-03,巨人,1495.4577183691858
2026-04-03,広島,1496.9415495972985
2026-04-03,阪神,1531.93524065713
2026-04-03,DeNA,1460.13637426275
2026-04-03,ヤクルト,1557.368959765029
2026-04-03,中日,1458.1601573486064
2026-04-03,巨人,1495.4577183691858
2026-04-03,広島,1496.9415495972985
2026-04-03,阪神,1531.93524065713
2026-04-03,DeNA,1460.13637426275
2026-04-03,ヤクルト,1557.368959765029
2026-04-03,中日,1458.1601573486064
2026-04-03,巨人,1495.4577183691858
2026-04-03,広島,1496.9415495972985
2026-04-03,阪神,1531.93524065713
2026-04-03,DeNA,1474.5325556397324
2026-04-03,ヤクルト,1557.368959765029
2026-04-03,中日,1458.1601573486064
2026-04-03,巨人,1481.0615369922034
2026-04-03,広島,1496.9415495972985
2026-04-03,阪神,1531.93524065713
2026-04-03,DeNA,1474.5325556397324
2026-04-03,ヤクルト,1540.9511325219828
2026-04-03,中日,1474.5779845916527
2026-04-03,巨人,1481.0615369922034
2026-04-03,広島,1496.9415495972985
2026-04-03,阪神,1531.93524065713
2026-04-04,DeNA,1474.5325556397324
2026-04-04,ヤクルト,1540.9511325219828
2026-04-04,中日,1474.5779845916527
2026-04-04,巨人,1481.0615369922034
2026-04-04,広島,1496.9415495972985
2026-04-04,阪神,1531.93524065713
2026-04-04,DeNA,1474.5325556397324
2026-04-04,ヤクルト,1540.9511325219828
2026-04-04,中日,1474.5779845916527
2026-04-04,巨人,1481.0615369922034
2026-04-04,広島,1484.9413316942248
2026-04-04,阪神,1543.9354585602036
2026-04-04,DeNA,1474.5325556397324
2026-04-04,ヤクルト,1540.9511325219828
2026-04-04,中日,1474.5779845916527
2026-04-04,巨人,1481.0615369922034
2026-04-04,広島,1484.9413316942248
2026-04-04,阪神,1543.9354585602036
2026-04-04,DeNA,1474.5325556397324
2026-04-04,ヤクルト,1540.9511325219828
2026-04-04,中日,1474.5779845916527
2026-04-04,巨人,1481.0615369922034
2026-04-04,広島,1484.9413316942248
2026-04-04,阪神,1543.9354585602036
2026-04-04,DeNA,1463.9601235511145
2026-04-04,ヤクルト,1540.9511325219828
2026-04-04,中日,1474.5779845916527
2026-04-04,巨人,1491.6339690808213
2026-04-04,広島,1484.9413316942248
2026-04-04,阪神,1543.9354585602036
2026-04-04,DeNA,1463.9601235511145
2026-04-04,ヤクルト,1549.5459159570973
2026-04-04,中日,1465.9832011565381
2026-04-04,巨人,1491.6339690808213
2026-04-04,広島,1484.9413316942248
2026-04-04,阪神,1543.9354585602036
2026-04-05,DeNA,1463.9601235511145
2026-04-05,ヤクルト,1549.5459159570973
2026-04-05,中日,1465.9832011565381
2026-04-05,巨人,1491.6339690808213
2026-04-05,広島,1484.9413316942248
2026-04-05,阪神,1543.9354585602036
2026-04-05,DeNA,1463.9601235511145
2026-04-05,ヤクルト,1549.5459159570973
2026-04-05,中日,1465.9832011565381
2026-04-05,巨人,1491.6339690808213
2026-04-05,広島,1497.768744481445
2026-04-05,阪神,1531.1080457729834
2026-04-05,DeNA,1463.9601235511145
2026-04-05,ヤクルト,1549.5459159570973
2026-04-05,中日,1465.9832011565381
2026-04-05,巨人,1491.6339690808213
2026-04-05,広島,1497.768744481445
2026-04-05,阪神,1531.1080457729834
2026-04-05,DeNA,1463.9601235511145
2026-04-05,ヤクルト,1549.5459159570973
2026-04-05,中日,1465.9832011565381
2026-04-05,巨人,1491.6339690808213
2026-04-05,広島,1497.768744481445
2026-04-05,阪神,1531.1080457729834
2026-04-05,DeNA,1454.1016232399807
2026-04-05,ヤクルト,1549.5459159570973
2026-04-05,中日,1465.9832011565381
2026-04-05,巨人,1501.4924693919552
2026-04-05,広島,1497.768744481445
2026-04-05,阪神,1531.1080457729834
2026-04-05,DeNA,1454.1016232399807
2026-04-05,ヤクルト,1557.6027914302233
2026-04-05,中日,1457.9263256834122
2026-04-05,巨人,1501.4924693919552
2026-04-05,広島,1497.768744481445
2026-04-05,阪神,1531.1080457729834
2026-04-07,DeNA,1454.1016232399807
2026-04-07,ヤクルト,1557.6027914302233
2026-04-07,中日,1457.9263256834122
2026-04-07,巨人,1501.4924693919552
2026-04-07,広島,1497.768744481445
2026-04-07,阪神,1531.1080457729834
2026-04-07,DeNA,1465.0277471395673
2026-04-07,ヤクルト,1557.6027914302233
2026-04-07,中日,1447.0002017838256
2026-04-07,巨人,1501.4924693919552
2026-04-07,広島,1497.768744481445
2026-04-07,阪神,1531.1080457729834
2026-04-07,DeNA,1465.0277471395673
2026-04-07,ヤクルト,1557.6027914302233
2026-04-07,中日,1447.0002017838256
2026-04-07,巨人,1501.4924693919552
2026-04-07,広島,1497.768744481445
2026-04-07,阪神,1531.1080457729834
2026-04-07,DeNA,1465.0277471395673
2026-04-07,ヤクルト,1557.6027914302233
2026-04-07,中日,1447.0002017838256
2026-04-07,巨人,1490.569805112294
2026-04-07,広島,1508.6914087611062
2026-04-07,阪神,1531.1080457729834
2026-04-07,DeNA,1465.0277471395673
2026-04-07,ヤクルト,1545.8964938410093
2026-04-07,中日,1447.0002017838256
2026-04-07,巨人,1490.569805112294
2026-04-07,広島,1508.6914087611062
2026-04-07,阪神,1542.8143433621974
2026-04-07,DeNA,1465.0277471395673
2026-04-07,ヤクルト,1545.8964938410093
2026-04-07,中日,1447.0002017838256
2026-04-07,巨人,1490.569805112294
2026-04-07,広島,1508.6914087611062
2026-04-07,阪神,1542.8143433621974
2026-04-08,DeNA,1465.0277471395673
2026-04-08,ヤクルト,1545.8964938410093
2026-04-08,中日,1447.0002017838256
2026-04-08,巨人,1490.569805112294
2026-04-08,広島,1508.6914087611062
2026-04-08,阪神,1542.8143433621974
2026-04-08,DeNA,1451.2103307108518
2026-04-08,ヤクルト,1545.8964938410093
2026-04-08,中日,1460.817618212541
2026-04-08,巨人,1490.569805112294
2026-04-08,広島,1508.6914087611062
2026-04-08,阪神,1542.8143433621974
2026-04-08,DeNA,1451.2103307108518
2026-04-08,ヤクルト,1545.8964938410093
2026-04-08,中日,1460.817618212541
2026-04-08,巨人,1490.569805112294
2026-04-08,広島,1508.6914087611062
2026-04-08,阪神,1542.8143433621974
2026-04-08,DeNA,1451.2103307108518
2026-04-08,ヤクルト,1545.8964938410093
2026-04-08,中日,1460.817618212541
2026-04-08,巨人,1504.3903955529895
2026-04-08,広島,1494.8708183204108
2026-04-08,阪神,1542.8143433621974
2026-04-08,DeNA,1451.2103307108518
2026-04-08,ヤクルト,1558.9958064837795
2026-04-08,中日,1460.817618212541
2026-04-08,巨人,1504.3903955529895
2026-04-08,広島,1494.8708183204108
2026-04-08,阪神,1529.7150307194272
2026-04-08,DeNA,1451.2103307108518
2026-04-08,ヤクルト,1558.9958064837795
2026-04-08,中日,1460.817618212541
2026-04-08,巨人,1504.3903955529895
2026-04-08,広島,1494.8708183204108
2026-04-08,阪神,1529.7150307194272
2026-04-09,DeNA,1451.2103307108518
2026-04-09,ヤクルト,1558.9958064837795
2026-04-09,中日,1460.817618212541
2026-04-09,巨人,1504.3903955529895
2026-04-09,広島,1494.8708183204108
2026-04-09,阪神,1529.7150307194272
2026-04-09,DeNA,1451.2103307108518
2026-04-09,ヤクルト,1558.9958064837795
2026-04-09,中日,1460.817618212541
2026-04-09,巨人,1504.3903955529895
2026-04-09,広島,1494.8708183204108
2026-04-09,阪神,1529.7150307194272
2026-04-09,DeNA,1451.2103307108518
2026-04-09,ヤクルト,1547.1933236505379
2026-04-09,中日,1460.817618212541
2026-04-09,巨人,1504.3903955529895
2026-04-09,広島,1494.8708183204108
2026-04-09,阪神,1541.5175135526688
2026-04-09,DeNA,1451.2103307108518
2026-04-09,ヤクルト,1547.1933236505379
2026-04-09,中日,1460.817618212541
2026-04-09,巨人,1504.3903955529895
2026-04-09,広島,1494.8708183204108
2026-04-09,阪神,1541.5175135526688
2026-04-10,DeNA,1451.2103307108518
2026-04-10,ヤクルト,1547.1933236505379
2026-04-10,中日,1450.3869962768954
2026-04-10,巨人,1504.3903955529895
2026-04-10,広島,1494.8708183204108
2026-04-10,阪神,1551.9481354883144
2026-04-10,DeNA,1451.2103307108518
2026-04-10,ヤクルト,1547.1933236505379
2026-04-10,中日,1450.3869962768954
2026-04-10,巨人,1504.3903955529895
2026-04-10,広島,1494.8708183204108
2026-04-10,阪神,1551.9481354883144
2026-04-10,DeNA,1451.2103307108518
2026-04-10,ヤクルト,1534.9238653642647
2026-04-10,中日,1450.3869962768954
2026-04-10,巨人,1516.6598538392627
2026-04-10,広島,1494.8708183204108
2026-04-10,阪神,1551.9481354883144
2026-04-11,DeNA,1451.2103307108518
2026-04-11,ヤクルト,1534.9238653642647
2026-04-11,中日,1440.6582180028986
2026-04-11,巨人,1516.6598538392627
2026-04-11,広島,1494.8708183204108
2026-04-11,阪神,1561.6769137623112
2026-04-11,DeNA,1463.5093914180081
2026-04-11,ヤクルト,1534.9238653642647
2026-04-11,中日,1440.6582180028986
2026-04-11,巨人,1516.6598538392627
2026-04-11,広島,1482.5717576132545
2026-04-11,阪神,1561.6769137623112
2026-04-11,DeNA,1463.5093914180081
2026-04-11,ヤクルト,1534.9238653642647
2026-04-11,中日,1440.6582180028986
2026-04-11,巨人,1516.6598538392627
2026-04-11,広島,1482.5717576132545
2026-04-11,阪神,1561.6769137623112
2026-04-11,DeNA,1463.5093914180081
2026-04-11,ヤクルト,1534.9238653642647
2026-04-11,中日,1440.6582180028986
2026-04-11,巨人,1516.6598538392627
2026-04-11,広島,1482.5717576132545
2026-04-11,阪神,1561.6769137623112
2026-04-11,DeNA,1463.5093914180081
2026-04-11,ヤクルト,1534.9238653642647
2026-04-11,中日,1440.6582180028986
2026-04-11,巨人,1516.6598538392627
2026-04-11,広島,1482.5717576132545
2026-04-11,阪神,1561.6769137623112
2026-04-11,DeNA,1463.5093914180081
2026-04-11,ヤクルト,1547.5014592563862
2026-04-11,中日,1440.6582180028986
2026-04-11,巨人,1504.0822599471412
2026-04-11,広島,1482.5717576132545
2026-04-11,阪神,1561.6769137623112
2026-04-12,DeNA,1463.5093914180081
2026-04-12,ヤクルト,1547.5014592563862
2026-04-12,中日,1431.569947076406
2026-04-12,巨人,1504.0822599471412
2026-04-12,広島,1482.5717576132545
2026-04-12,阪神,1570.7651846888039
2026-04-12,DeNA,1474.9593108308973
2026-04-12,ヤクルト,1547.5014592563862
2026-04-12,中日,1431.569947076406
2026-04-12,巨人,1504.0822599471412
2026-04-12,広島,1471.1218382003653
2026-04-12,阪神,1570.7651846888039
2026-04-12,DeNA,1474.9593108308973
2026-04-12,ヤクルト,1547.5014592563862
2026-04-12,中日,1431.569947076406
2026-04-12,巨人,1504.0822599471412
2026-04-12,広島,1471.1218382003653
2026-04-12,阪神,1570.7651846888039
2026-04-12,DeNA,1474.9593108308973
2026-04-12,ヤクルト,1547.5014592563862
2026-04-12,中日,1431.569947076406
2026-04-12,巨人,1504.0822599471412
2026-04-12,広島,1471.1218382003653
2026-04-12,阪神,1570.7651846888039
2026-04-12,DeNA,1474.9593108308973
2026-04-12,ヤクルト,1547.5014592563862
2026-04-12,中日,1431.569947076406
2026-04-12,巨人,1504.0822599471412
2026-04-12,広島,1471.1218382003653
2026-04-12,阪神,1570.7651846888039
2026-04-12,DeNA,1474.9593108308973
2026-04-12,ヤクルト,1559.2107273186327
2026-04-12,中日,1431.569947076406
2026-04-12,巨人,1492.3729918848946
2026-04-12,広島,1471.1218382003653
2026-04-12,阪神,1570.7651846888039
2026-04-14,DeNA,1474.9593108308973
2026-04-14,ヤクルト,1559.2107273186327
2026-04-14,中日,1431.569947076406
2026-04-14,巨人,1492.3729918848946
2026-04-14,広島,1471.1218382003653
2026-04-14,阪神,1570.7651846888039
2026-04-14,DeNA,1474.9593108308973
2026-04-14,ヤクルト,1559.2107273186327
2026-04-14,中日,1443.727154831489
2026-04-14,巨人,1492.3729918848946
2026-04-14,広島,1458.9646304452822
2026-04-14,阪神,1570.7651846888039
2026-04-14,DeNA,1474.9593108308973
2026-04-14,ヤクルト,1559.2107273186327
2026-04-14,中日,1443.727154831489
2026-04-14,巨人,1508.1560442983866
2026-04-14,広島,1458.9646304452822
2026-04-14,阪神,1554.9821322753119
2026-04-14,DeNA,1474.9593108308973
2026-04-14,ヤクルト,1559.2107273186327
2026-04-14,中日,1443.727154831489
2026-04-14,巨人,1508.1560442983866
2026-04-14,広島,1458.9646304452822
2026-04-14,阪神,1554.9821322753119
2026-04-14,DeNA,1474.9593108308973
2026-04-14,ヤクルト,1559.2107273186327
2026-04-14,中日,1443.727154831489
2026-04-14,巨人,1508.1560442983866
2026-04-14,広島,1458.9646304452822
2026-04-14,阪神,1554.9821322753119
2026-04-14,DeNA,1466.9236400677507
2026-04-14,ヤクルト,1567.2463980817793
2026-04-14,中日,1443.727154831489
2026-04-14,巨人,1508.1560442983866
2026-04-14,広島,1458.9646304452822
2026-04-14,阪神,1554.9821322753119
2026-04-15,DeNA,1466.9236400677507
2026-04-15,ヤクルト,1567.2463980817793
2026-04-15,中日,1443.727154831489
2026-04-15,巨人,1508.1560442983866
2026-04-15,広島,1458.9646304452822
2026-04-15,阪神,1554.9821322753119
2026-04-15,DeNA,1466.9236400677507
2026-04-15,ヤクルト,1567.2463980817793
2026-04-15,中日,1431.0453166159232
2026-04-15,巨人,1508.1560442983866
2026-04-15,広島,1471.646468660848
2026-04-15,阪神,1554.9821322753119
2026-04-15,DeNA,1466.9236400677507
2026-04-15,ヤクルト,1567.2463980817793
2026-04-15,中日,1431.0453166159232
2026-04-15,巨人,1508.1560442983866
2026-04-15,広島,1471.646468660848
2026-04-15,阪神,1554.9821322753119
2026-04-15,DeNA,1466.9236400677507
2026-04-15,ヤクルト,1567.2463980817793
2026-04-15,中日,1431.0453166159232
2026-04-15,巨人,1508.1560442983866
2026-04-15,広島,1471.646468660848
2026-04-15,阪神,1554.9821322753119
2026-04-16,DeNA,1466.9236400677507
2026-04-16,ヤクルト,1567.2463980817793
2026-04-16,中日,1431.0453166159232
2026-04-16,巨人,1508.1560442983866
2026-04-16,広島,1471.646468660848
2026-04-16,阪神,1554.9821322753119
2026-04-16,DeNA,1466.9236400677507
2026-04-16,ヤクルト,1567.2463980817793
2026-04-16,中日,1431.0453166159232
2026-04-16,巨人,1522.9310979810784
2026-04-16,広島,1471.646468660848
2026-04-16,阪神,1540.20707859262
2026-04-16,DeNA,1466.9236400677507
2026-04-16,ヤクルト,1567.2463980817793
2026-04-16,中日,1431.0453166159232
2026-04-16,巨人,1522.9310979810784
2026-04-16,広島,1471.646468660848
2026-04-16,阪神,1540.20707859262
2026-04-16,DeNA,1466.9236400677507
2026-04-16,ヤクルト,1567.2463980817793
2026-04-16,中日,1431.0453166159232
2026-04-16,巨人,1522.9310979810784
2026-04-16,広島,1471.646468660848
2026-04-16,阪神,1540.20707859262
2026-04-16,DeNA,1459.3746879417788
2026-04-16,ヤクルト,1574.7953502077512
2026-04-16,中日,1431.0453166159232
2026-04-16,巨人,1522.9310979810784
2026-04-16,広島,1471.646468660848
2026-04-16,阪神,1540.20707859262
2026-04-17,DeNA,1459.3746879417788
2026-04-17,ヤクルト,1574.7953502077512
2026-04-17,中日,1431.0453166159232
2026-04-17,巨人,1522.9310979810784
2026-04-17,広島,1471.646468660848
2026-04-17,阪神,1540.20707859262
2026-04-17,DeNA,1459.3746879417788
2026-04-17,ヤクルト,1574.7953502077512
2026-04-17,中日,1431.0453166159232
2026-04-17,巨人,1522.9310979810784
2026-04-17,広島,1471.646468660848
2026-04-17,阪神,1540.20707859262
2026-04-17,DeNA,1472.9973965023776
2026-04-17,ヤクルト,1574.7953502077512
2026-04-17,中日,1431.0453166159232
2026-04-17,巨人,1522.9310979810784
2026-04-17,広島,1458.0237601002493
2026-04-17,阪神,1540.20707859262
2026-04-17,DeNA,1472.9973965023776
2026-04-17,ヤクルト,1574.7953502077512
2026-04-17,中日,1423.7571336448568
2026-04-17,巨人,1522.9310979810784
2026-04-17,広島,1458.0237601002493
2026-04-17,阪神,1547.4952615636864
2026-04-17,DeNA,1472.9973965023776
2026-04-17,ヤクルト,1574.7953502077512
2026-04-17,中日,1423.7571336448568
2026-04-17,巨人,1522.9310979810784
2026-04-17,広島,1458.0237601002493
2026-04-17,阪神,1547.4952615636864
2026-04-17,DeNA,1472.9973965023776
2026-04-17,ヤクルト,1559.8561523715102
2026-04-17,中日,1423.7571336448568
2026-04-17,巨人,1537.8702958173194
2026-04-17,広島,1458.0237601002493
2026-04-17,阪神,1547.4952615636864
2026-04-18,DeNA,1472.9973965023776
2026-04-18,ヤクルト,1559.8561523715102
2026-04-18,中日,1423.7571336448568
2026-04-18,巨人,1537.8702958173194
2026-04-18,広島,1458.0237601002493
2026-04-18,阪神,1547.4952615636864
2026-04-18,DeNA,1472.9973965023776
2026-04-18,ヤクルト,1559.8561523715102
2026-04-18,中日,1423.7571336448568
2026-04-18,巨人,1537.8702958173194
2026-04-18,広島,1458.0237601002493
2026-04-18,阪神,1547.4952615636864
2026-04-18,DeNA,1485.688317587564
2026-04-18,ヤクルト,1559.8561523715102
2026-04-18,中日,1423.7571336448568
2026-04-18,巨人,1537.8702958173194
2026-04-18,広島,1445.332839015063
2026-04-18,阪神,1547.4952615636864
2026-04-18,DeNA,1485.688317587564
2026-04-18,ヤクルト,1559.8561523715102
2026-04-18,中日,1416.8876382563758
2026-04-18,巨人,1537.8702958173194
2026-04-18,広島,1445.332839015063
2026-04-18,阪神,1554.3647569521675
2026-04-18,DeNA,1485.688317587564
2026-04-18,ヤクルト,1559.8561523715102
2026-04-18,中日,1416.8876382563758
2026-04-18,巨人,1537.8702958173194
2026-04-18,広島,1445.332839015063
2026-04-18,阪神,1554.3647569521675
2026-04-18,DeNA,1485.688317587564
2026-04-18,ヤクルト,1569.9053924753835
2026-04-18,中日,1416.8876382563758
2026-04-18,巨人,1527.8210557134462
2026-04-18,広島,1445.332839015063
2026-04-18,阪神,1554.3647569521675
2026-04-19,DeNA,1485.688317587564
2026-04-19,ヤクルト,1569.9053924753835
2026-04-19,中日,1416.8876382563758
2026-04-19,巨人,1527.8210557134462
2026-04-19,広島,1445.332839015063
2026-04-19,阪神,1554.3647569521675
2026-04-19,DeNA,1485.688317587564
2026-04-19,ヤクルト,1569.9053924753835
2026-04-19,中日,1416.8876382563758
2026-04-19,巨人,1527.8210557134462
2026-04-19,広島,1445.332839015063
2026-04-19,阪神,1554.3647569521675
2026-04-19,DeNA,1497.503360559077
2026-04-19,ヤクルト,1569.9053924753835
2026-04-19,中日,1416.8876382563758
2026-04-19,巨人,1527.8210557134462
2026-04-19,広島,1433.5177960435499
2026-04-19,阪神,1554.3647569521675
2026-04-19,DeNA,1497.503360559077
2026-04-19,ヤクルト,1569.9053924753835
2026-04-19,中日,1410.3992882249267
2026-04-19,巨人,1527.8210557134462
2026-04-19,広島,1433.5177960435499
2026-04-19,阪神,1560.8531069836165
2026-04-19,DeNA,1497.503360559077
2026-04-19,ヤクルト,1569.9053924753835
2026-04-19,中日,1410.3992882249267
2026-04-19,巨人,1527.8210557134462
2026-04-19,広島,1433.5177960435499
2026-04-19,阪神,1560.8531069836165
2026-04-19,DeNA,1497.503360559077
2026-04-19,ヤクルト,1579.2858357669652
2026-04-19,中日,1410.3992882249267
2026-04-19,巨人,1518.4406124218644
2026-04-19,広島,1433.5177960435499
2026-04-19,阪神,1560.8531069836165
2026-04-21,DeNA,1510.4803587590545
2026-04-21,ヤクルト,1579.2858357669652
2026-04-21,中日,1410.3992882249267
2026-04-21,巨人,1518.4406124218644
2026-04-21,広島,1433.5177960435499
2026-04-21,阪神,1547.876108783639
2026-04-21,DeNA,1510.4803587590545
2026-04-21,ヤクルト,1579.2858357669652
2026-04-21,中日,1410.3992882249267
2026-04-21,巨人,1518.4406124218644
2026-04-21,広島,1433.5177960435499
2026-04-21,阪神,1547.876108783639
2026-04-21,DeNA,1510.4803587590545
2026-04-21,ヤクルト,1563.5846038643901
2026-04-21,中日,1410.3992882249267
2026-04-21,巨人,1518.4406124218644
2026-04-21,広島,1449.219027946125
2026-04-21,阪神,1547.876108783639
2026-04-21,DeNA,1510.4803587590545
2026-04-21,ヤクルト,1563.5846038643901
2026-04-21,中日,1410.3992882249267
2026-04-21,巨人,1518.4406124218644
2026-04-21,広島,1449.219027946125
2026-04-21,阪神,1547.876108783639
2026-04-21,DeNA,1510.4803587590545
2026-04-21,ヤクルト,1563.5846038643901
2026-04-21,中日,1410.3992882249267
2026-04-21,巨人,1518.4406124218644
2026-04-21,広島,1449.219027946125
2026-04-21,阪神,1547.876108783639
2026-04-21,DeNA,1510.4803587590545
2026-04-21,ヤクルト,1563.5846038643901
2026-04-21,中日,1403.0783316721104
2026-04-21,巨人,1525.7615689746808
2026-04-21,広島,1449.219027946125
2026-04-21,阪神,1547.876108783639
2026-04-22,DeNA,1522.5631037219969
2026-04-22,ヤクルト,1563.5846038643901
2026-04-22,中日,1403.0783316721104
2026-04-22,巨人,1525.7615689746808
2026-04-22,広島,1449.219027946125
2026-04-22,阪神,1535.7933638206966
2026-04-22,DeNA,1522.5631037219969
2026-04-22,ヤクルト,1563.5846038643901
2026-04-22,中日,1403.0783316721104
2026-04-22,巨人,1525.7615689746808
2026-04-22,広島,1449.219027946125
2026-04-22,阪神,1535.7933638206966
2026-04-22,DeNA,1522.5631037219969
2026-04-22,ヤクルト,1572.8901190817867
2026-04-22,中日,1403.0783316721104
2026-04-22,巨人,1525.7615689746808
2026-04-22,広島,1439.9135127287284
2026-04-22,阪神,1535.7933638206966
2026-04-22,DeNA,1522.5631037219969
2026-04-22,ヤクルト,1572.8901190817867
2026-04-22,中日,1403.0783316721104
2026-04-22,巨人,1525.7615689746808
2026-04-22,広島,1439.9135127287284
2026-04-22,阪神,1535.7933638206966
2026-04-22,DeNA,1522.5631037219969
2026-04-22,ヤクルト,1572.8901190817867
2026-04-22,中日,1403.0783316721104
2026-04-22,巨人,1525.7615689746808
2026-04-22,広島,1439.9135127287284
2026-04-22,阪神,1535.7933638206966
2026-04-22,DeNA,1522.5631037219969
2026-04-22,ヤクルト,1572.8901190817867
2026-04-22,中日,1396.179023009747
2026-04-22,巨人,1532.6608776370442
2026-04-22,広島,1439.9135127287284
2026-04-22,阪神,1535.7933638206966
2026-04-23,DeNA,1522.5631037219969
2026-04-23,ヤクルト,1572.8901190817867
2026-04-23,中日,1396.179023009747
2026-04-23,巨人,1532.6608776370442
2026-04-23,広島,1439.9135127287284
2026-04-23,阪神,1535.7933638206966
2026-04-23,DeNA,1522.5631037219969
2026-04-23,ヤクルト,1581.5930650189991
2026-04-23,中日,1396.179023009747
2026-04-23,巨人,1532.6608776370442
2026-04-23,広島,1431.210566791516
2026-04-23,阪神,1535.7933638206966
2026-04-23,DeNA,1522.5631037219969
2026-04-23,ヤクルト,1581.5930650189991
2026-04-23,中日,1396.179023009747
2026-04-23,巨人,1532.6608776370442
2026-04-23,広島,1431.210566791516
2026-04-23,阪神,1535.7933638206966
2026-04-24,DeNA,1522.5631037219969
2026-04-24,ヤクルト,1581.5930650189991
2026-04-24,中日,1396.179023009747
2026-04-24,巨人,1532.6608776370442
2026-04-24,広島,1431.210566791516
2026-04-24,阪神,1535.7933638206966
2026-04-24,DeNA,1522.5631037219969
2026-04-24,ヤクルト,1564.699896407063
2026-04-24,中日,1413.072191621683
2026-04-24,巨人,1532.6608776370442
2026-04-24,広島,1431.210566791516
2026-04-24,阪神,1535.7933638206966
2026-04-24,DeNA,1533.704481109877
2026-04-24,ヤクルト,1564.699896407063
2026-04-24,中日,1413.072191621683
2026-04-24,巨人,1521.5195002491641
2026-04-24,広島,1431.210566791516
2026-04-24,阪神,1535.7933638206966
2026-04-25,DeNA,1533.704481109877
2026-04-25,ヤクルト,1564.699896407063
2026-04-25,中日,1413.072191621683
2026-04-25,巨人,1521.5195002491641
2026-04-25,広島,1431.210566791516
2026-04-25,阪神,1535.7933638206966
2026-04-25,DeNA,1533.704481109877
2026-04-25,ヤクルト,1548.8164972410004
2026-04-25,中日,1428.9555907877457
2026-04-25,巨人,1521.5195002491641
2026-04-25,広島,1431.210566791516
2026-04-25,阪神,1535.7933638206966
2026-04-25,DeNA,1520.084715788855
2026-04-25,ヤクルト,1548.8164972410004
2026-04-25,中日,1428.9555907877457
2026-04-25,巨人,1535.1392655701861
2026-04-25,広島,1431.210566791516
2026-04-25,阪神,1535.7933638206966
2026-04-25,DeNA,1520.084715788855
2026-04-25,ヤクルト,1548.8164972410004
2026-04-25,中日,1428.9555907877457
2026-04-25,巨人,1535.1392655701861
2026-04-25,広島,1431.210566791516
2026-04-25,阪神,1535.7933638206966
2026-04-25,DeNA,1520.084715788855
2026-04-25,ヤクルト,1548.8164972410004
2026-04-25,中日,1428.9555907877457
2026-04-25,巨人,1535.1392655701861
2026-04-25,広島,1435.7879270437559
2026-04-25,阪神,1531.2160035684567
2026-04-25,DeNA,1520.084715788855
2026-04-25,ヤクルト,1548.8164972410004
2026-04-25,中日,1428.9555907877457
2026-04-25,巨人,1535.1392655701861
2026-04-25,広島,1435.7879270437559
2026-04-25,阪神,1531.2160035684567
2026-04-26,DeNA,1520.084715788855
2026-04-26,ヤクルト,1548.8164972410004
2026-04-26,中日,1428.9555907877457
2026-04-26,巨人,1535.1392655701861
2026-04-26,広島,1435.7879270437559
2026-04-26,阪神,1531.2160035684567
2026-04-26,DeNA,1520.084715788855
2026-04-26,ヤクルト,1533.942432732477
2026-04-26,中日,1443.829655296269
2026-04-26,巨人,1535.1392655701861
2026-04-26,広島,1435.7879270437559
2026-04-26,阪神,1531.2160035684567
2026-04-26,DeNA,1507.3965801255856
2026-04-26,ヤクルト,1533.942432732477
2026-04-26,中日,1443.829655296269
2026-04-26,巨人,1547.8274012334555
2026-04-26,広島,1435.7879270437559
2026-04-26,阪神,1531.2160035684567
2026-04-26,DeNA,1507.3965801255856
2026-04-26,ヤクルト,1533.942432732477
2026-04-26,中日,1443.829655296269
2026-04-26,巨人,1547.8274012334555
2026-04-26,広島,1435.7879270437559
2026-04-26,阪神,1531.2160035684567
2026-04-26,DeNA,1507.3965801255856
2026-04-26,ヤクルト,1533.942432732477
2026-04-26,中日,1443.829655296269
2026-04-26,巨人,1547.8274012334555
2026-04-26,広島,1428.0924216113242
2026-04-26,阪神,1538.9115090008884
2026-04-28,DeNA,1507.3965801255856
2026-04-28,ヤクルト,1533.942432732477
2026-04-28,中日,1443.829655296269
2026-04-28,巨人,1547.8274012334555
2026-04-28,広島,1428.0924216113242
2026-04-28,阪神,1538.9115090008884
2026-04-28,DeNA,1494.4121309514217
2026-04-28,ヤクルト,1533.942432732477
2026-04-28,中日,1456.814104470433
2026-04-28,巨人,1547.8274012334555
2026-04-28,広島,1428.0924216113242
2026-04-28,阪神,1538.9115090008884
2026-04-28,DeNA,1494.4121309514217
2026-04-28,ヤクルト,1533.942432732477
2026-04-28,中日,1456.814104470433
2026-04-28,巨人,1547.8274012334555
2026-04-28,広島,1428.0924216113242
2026-04-28,阪神,1538.9115090008884
2026-04-28,DeNA,1494.4121309514217
2026-04-28,ヤクルト,1533.942432732477
2026-04-28,中日,1456.814104470433
2026-04-28,巨人,1547.8274012334555
2026-04-28,広島,1428.0924216113242
2026-04-28,阪神,1538.9115090008884
2026-04-28,DeNA,1494.4121309514217
2026-04-28,ヤクルト,1533.942432732477
2026-04-28,中日,1456.814104470433
2026-04-28,巨人,1530.8104412242697
2026-04-28,広島,1445.10938162051
2026-04-28,阪神,1538.9115090008884
2026-04-28,DeNA,1494.4121309514217
2026-04-28,ヤクルト,1544.9077767881024
2026-04-28,中日,1456.814104470433
2026-04-28,巨人,1530.8104412242697
2026-04-28,広島,1445.10938162051
2026-04-28,阪神,1527.946164945263
2026-04-29,DeNA,1494.4121309514217
2026-04-29,ヤクルト,1544.9077767881024
2026-04-29,中日,1456.814104470433
2026-04-29,巨人,1530.8104412242697
2026-04-29,広島,1445.10938162051
2026-04-29,阪神,1527.946164945263
2026-04-29,DeNA,1506.322399968196
2026-04-29,ヤクルト,1544.9077767881024
2026-04-29,中日,1444.9038354536588
2026-04-29,巨人,1530.8104412242697
2026-04-29,広島,1445.10938162051
2026-04-29,阪神,1527.946164945263
2026-04-29,DeNA,1506.322399968196
2026-04-29,ヤクルト,1544.9077767881024
2026-04-29,中日,1444.9038354536588
2026-04-29,巨人,1530.8104412242697
2026-04-29,広島,1445.10938162051
2026-04-29,阪神,1527.946164945263
2026-04-29,DeNA,1506.322399968196
2026-04-29,ヤクルト,1544.9077767881024
2026-04-29,中日,1444.9038354536588
2026-04-29,巨人,1530.8104412242697
2026-04-29,広島,1445.10938162051
2026-04-29,阪神,1527.946164945263
2026-04-29,DeNA,1506.322399968196
2026-04-29,ヤクルト,1544.9077767881024
2026-04-29,中日,1444.9038354536588
2026-04-29,巨人,1538.8015691757453
2026-04-29,広島,1437.1182536690344
2026-04-29,阪神,1527.946164945263
2026-04-29,DeNA,1506.322399968196
2026-04-29,ヤクルト,1531.1263485392194
2026-04-29,中日,1444.9038354536588
2026-04-29,巨人,1538.8015691757453
2026-04-29,広島,1437.1182536690344
2026-04-29,阪神,1541.727593194146
2026-04-30,DeNA,1517.4116896086466
2026-04-30,ヤクルト,1531.1263485392194
2026-04-30,中日,1433.814545813208
2026-04-30,巨人,1538.8015691757453
2026-04-30,広島,1437.1182536690344
2026-04-30,阪神,1541.727593194146
2026-04-30,DeNA,1517.4116896086466
2026-04-30,ヤクルト,1531.1263485392194
2026-04-30,中日,1433.814545813208
2026-04-30,巨人,1538.8015691757453
2026-04-30,広島,1437.1182536690344
2026-04-30,阪神,1541.727593194146
2026-04-30,DeNA,1517.4116896086466
2026-04-30,ヤクルト,1531.1263485392194
2026-04-30,中日,1433.814545813208
2026-04-30,巨人,1522.310053556341
2026-04-30,広島,1453.6097692884387
2026-04-30,阪神,1541.727593194146
2026-04-30,DeNA,1517.4116896086466
2026-04-30,ヤクルト,1518.2850279449483
2026-04-30,中日,1433.814545813208
2026-04-30,巨人,1522.310053556341
2026-04-30,広島,1453.6097692884387
2026-04-30,阪神,1554.5689137884171
2026-05-01,DeNA,1517.4116896086466
2026-05-01,ヤクルト,1518.2850279449483
2026-05-01,中日,1433.814545813208
2026-05-01,巨人,1522.310053556341
2026-05-01,広島,1453.6097692884387
2026-05-01,阪神,1554.5689137884171
2026-05-01,DeNA,1517.4116896086466
2026-05-01,ヤクルト,1518.2850279449483
2026-05-01,中日,1423.6915688226165
2026-05-01,巨人,1522.310053556341
2026-05-01,広島,1463.7327462790302
2026-05-01,阪神,1554.5689137884171
2026-05-01,DeNA,1517.4116896086466
2026-05-01,ヤクルト,1518.2850279449483
2026-05-01,中日,1423.6915688226165
2026-05-01,巨人,1536.6045015859868
2026-05-01,広島,1463.7327462790302
2026-05-01,阪神,1540.2744657587714
2026-05-01,DeNA,1517.4116896086466
2026-05-01,ヤクルト,1518.2850279449483
2026-05-01,中日,1423.6915688226165
2026-05-01,巨人,1536.6045015859868
2026-05-01,広島,1463.7327462790302
2026-05-01,阪神,1540.2744657587714
2026-05-01,DeNA,1517.4116896086466
2026-05-01,ヤクルト,1518.2850279449483
2026-05-01,中日,1423.6915688226165
2026-05-01,巨人,1536.6045015859868
2026-05-01,広島,1463.7327462790302
2026-05-01,阪神,1540.2744657587714
2026-05-01,DeNA,1506.6463264770582
2026-05-01,ヤクルト,1529.0503910765367
2026-05-01,中日,1423.6915688226165
2026-05-01,巨人,1536.6045015859868
2026-05-01,広島,1463.7327462790302
2026-05-01,阪神,1540.2744657587714
2026-05-02,DeNA,1506.6463264770582
2026-05-02,ヤクルト,1529.0503910765367
2026-05-02,中日,1423.6915688226165
2026-05-02,巨人,1536.6045015859868
2026-05-02,広島,1463.7327462790302
2026-05-02,阪神,1540.2744657587714
2026-05-02,DeNA,1506.6463264770582
2026-05-02,ヤクルト,1529.0503910765367
2026-05-02,中日,1438.2438345104008
2026-05-02,巨人,1536.6045015859868
2026-05-02,広島,1449.180480591246
2026-05-02,阪神,1540.2744657587714
2026-05-02,DeNA,1506.6463264770582
2026-05-02,ヤクルト,1529.0503910765367
2026-05-02,中日,1438.2438345104008
2026-05-02,巨人,1525.9346268603274
2026-05-02,広島,1449.180480591246
2026-05-02,阪神,1550.9443404844308
2026-05-02,DeNA,1506.6463264770582
2026-05-02,ヤクルト,1529.0503910765367
2026-05-02,中日,1438.2438345104008
2026-05-02,巨人,1525.9346268603274
2026-05-02,広島,1449.180480591246
2026-05-02,阪神,1550.9443404844308
2026-05-02,DeNA,1506.6463264770582
2026-05-02,ヤクルト,1529.0503910765367
2026-05-02,中日,1438.2438345104008
2026-05-02,巨人,1525.9346268603274
2026-05-02,広島,1449.180480591246
2026-05-02,阪神,1550.9443404844308
2026-05-02,DeNA,1496.6111462897352
2026-05-02,ヤクルト,1539.0855712638597
2026-05-02,中日,1438.2438345104008
2026-05-02,巨人,1525.9346268603274
2026-05-02,広島,1449.180480591246
2026-05-02,阪神,1550.9443404844308
2026-05-03,DeNA,1496.6111462897352
2026-05-03,ヤクルト,1539.0855712638597
2026-05-03,中日,1438.2438345104008
2026-05-03,巨人,1525.9346268603274
2026-05-03,広島,1449.180480591246
2026-05-03,阪神,1550.9443404844308
2026-05-03,DeNA,1496.6111462897352
2026-05-03,ヤクルト,1539.0855712638597
2026-05-03,中日,1438.2438345104008
2026-05-03,巨人,1515.986920833629
2026-05-03,広島,1449.180480591246
2026-05-03,阪神,1560.8920465111291
2026-05-03,DeNA,1496.6111462897352
2026-05-03,ヤクルト,1539.0855712638597
2026-05-03,中日,1438.2438345104008
2026-05-03,巨人,1515.986920833629
2026-05-03,広島,1449.180480591246
2026-05-03,阪神,1560.8920465111291
2026-05-03,DeNA,1496.6111462897352
2026-05-03,ヤクルト,1539.0855712638597
2026-05-03,中日,1438.2438345104008
2026-05-03,巨人,1515.986920833629
2026-05-03,広島,1449.180480591246
2026-05-03,阪神,1560.8920465111291
2026-05-03,DeNA,1511.2435309770294
2026-05-03,ヤクルト,1524.4531865765655
2026-05-03,中日,1438.2438345104008
2026-05-03,巨人,1515.986920833629
2026-05-03,広島,1449.180480591246
2026-05-03,阪神,1560.8920465111291
2026-05-04,DeNA,1511.2435309770294
2026-05-04,ヤクルト,1524.4531865765655
2026-05-04,中日,1438.2438345104008
2026-05-04,巨人,1515.986920833629
2026-05-04,広島,1449.180480591246
2026-05-04,阪神,1560.8920465111291
2026-05-04,DeNA,1511.2435309770294
2026-05-04,ヤクルト,1524.4531865765655
2026-05-04,中日,1453.2084708448567
2026-05-04,巨人,1515.986920833629
2026-05-04,広島,1449.180480591246
2026-05-04,阪神,1545.9274101766732
2026-05-04,DeNA,1519.9756690969116
2026-05-04,ヤクルト,1524.4531865765655
2026-05-04,中日,1453.2084708448567
2026-05-04,巨人,1515.986920833629
2026-05-04,広島,1440.4483424713637
2026-05-04,阪神,1545.9274101766732
2026-05-04,DeNA,1519.9756690969116
2026-05-04,ヤクルト,1524.4531865765655
2026-05-04,中日,1453.2084708448567
2026-05-04,巨人,1515.986920833629
2026-05-04,広島,1440.4483424713637
2026-05-04,阪神,1545.9274101766732
2026-05-04,DeNA,1519.9756690969116
2026-05-04,ヤクルト,1524.4531865765655
2026-05-04,中日,1453.2084708448567
2026-05-04,巨人,1515.986920833629
2026-05-04,広島,1440.4483424713637
2026-05-04,阪神,1545.9274101766732
2026-05-04,DeNA,1519.9756690969116
2026-05-04,ヤクルト,1537.367851747496
2026-05-04,中日,1453.2084708448567
2026-05-04,巨人,1503.0722556626986
2026-05-04,広島,1440.4483424713637
2026-05-04,阪神,1545.9274101766732
2026-05-05,DeNA,1519.9756690969116
2026-05-05,ヤクルト,1537.367851747496
2026-05-05,中日,1453.2084708448567
2026-05-05,巨人,1503.0722556626986
2026-05-05,広島,1440.4483424713637
2026-05-05,阪神,1545.9274101766732
2026-05-05,DeNA,1519.9756690969116
2026-05-05,ヤクルト,1537.367851747496
2026-05-05,中日,1467.1838729124527
2026-05-05,巨人,1503.0722556626986
2026-05-05,広島,1440.4483424713637
2026-05-05,阪神,1531.9520081090773
2026-05-05,DeNA,1516.1573435207183
2026-05-05,ヤクルト,1537.367851747496
2026-05-05,中日,1467.1838729124527
2026-05-05,巨人,1503.0722556626986
2026-05-05,広島,1444.266668047557
2026-05-05,阪神,1531.9520081090773
2026-05-05,DeNA,1516.1573435207183
2026-05-05,ヤクルト,1537.367851747496
2026-05-05,中日,1467.1838729124527
2026-05-05,巨人,1503.0722556626986
2026-05-05,広島,1444.266668047557
2026-05-05,阪神,1531.9520081090773
2026-05-05,DeNA,1516.1573435207183
2026-05-05,ヤクルト,1537.367851747496
2026-05-05,中日,1467.1838729124527
2026-05-05,巨人,1503.0722556626986
2026-05-05,広島,1444.266668047557
2026-05-05,阪神,1531.9520081090773
2026-05-05,DeNA,1516.1573435207183
2026-05-05,ヤクルト,1525.3921809634796
2026-05-05,中日,1467.1838729124527
2026-05-05,巨人,1515.0479264467149
2026-05-05,広島,1444.266668047557
2026-05-05,阪神,1531.9520081090773
2026-05-06,DeNA,1516.1573435207183
2026-05-06,ヤクルト,1525.3921809634796
2026-05-06,中日,1467.1838729124527
2026-05-06,巨人,1515.0479264467149
2026-05-06,広島,1444.266668047557
2026-05-06,阪神,1531.9520081090773
2026-05-06,DeNA,1516.1573435207183
2026-05-06,ヤクルト,1525.3921809634796
2026-05-06,中日,1456.2095193515263
2026-05-06,巨人,1515.0479264467149
2026-05-06,広島,1444.266668047557
2026-05-06,阪神,1542.9263616700036
2026-05-06,DeNA,1500.5777044014844
2026-05-06,ヤクルト,1525.3921809634796
2026-05-06,中日,1456.2095193515263
2026-05-06,巨人,1515.0479264467149
2026-05-06,広島,1459.8463071667911
2026-05-06,阪神,1542.9263616700036
2026-05-06,DeNA,1500.5777044014844
2026-05-06,ヤクルト,1525.3921809634796
2026-05-06,中日,1456.2095193515263
2026-05-06,巨人,1515.0479264467149
2026-05-06,広島,1459.8463071667911
2026-05-06,阪神,1542.9263616700036
2026-05-06,DeNA,1500.5777044014844
2026-05-06,ヤクルト,1525.3921809634796
2026-05-06,中日,1456.2095193515263
2026-05-06,巨人,1515.0479264467149
2026-05-06,広島,1459.8463071667911
2026-05-06,阪神,1542.9263616700036
2026-05-06,DeNA,1500.5777044014844
2026-05-06,ヤクルト,1538.2423335931655
2026-05-06,中日,1456.2095193515263
2026-05-06,巨人,1502.197773817029
2026-05-06,広島,1459.8463071667911
2026-05-06,阪神,1542.9263616700036
2026-05-08,DeNA,1500.5777044014844
2026-05-08,ヤクルト,1538.2423335931655
2026-05-08,中日,1456.2095193515263
2026-05-08,巨人,1502.197773817029
2026-05-08,広島,1459.8463071667911
2026-05-08,阪神,1542.9263616700036
2026-05-08,DeNA,1500.5777044014844
2026-05-08,ヤクルト,1538.2423335931655
2026-05-08,中日,1468.5889137274312
2026-05-08,巨人,1489.818379441124
2026-05-08,広島,1459.8463071667911
2026-05-08,阪神,1542.9263616700036
2026-05-08,DeNA,1500.5777044014844
2026-05-08,ヤクルト,1548.7512340818926
2026-05-08,中日,1468.5889137274312
2026-05-08,巨人,1489.818379441124
2026-05-08,広島,1449.337406678064
2026-05-08,阪神,1542.9263616700036
2026-05-08,DeNA,1515.2059539297074
2026-05-08,ヤクルト,1548.7512340818926
2026-05-08,中日,1468.5889137274312
2026-05-08,巨人,1489.818379441124
2026-05-08,広島,1449.337406678064
2026-05-08,阪神,1528.2981121417806
2026-05-08,DeNA,1515.2059539297074
2026-05-08,ヤクルト,1548.7512340818926
2026-05-08,中日,1468.5889137274312
2026-05-08,巨人,1489.818379441124
2026-05-08,広島,1449.337406678064
2026-05-08,阪神,1528.2981121417806
2026-05-08,DeNA,1515.2059539297074
2026-05-08,ヤクルト,1548.7512340818926
2026-05-08,中日,1468.5889137274312
2026-05-08,巨人,1489.818379441124
2026-05-08,広島,1449.337406678064
2026-05-08,阪神,1528.2981121417806
2026-05-09,DeNA,1515.2059539297074
2026-05-09,ヤクルト,1548.7512340818926
2026-05-09,中日,1468.5889137274312
2026-05-09,巨人,1489.818379441124
2026-05-09,広島,1449.337406678064
2026-05-09,阪神,1528.2981121417806
2026-05-09,DeNA,1515.2059539297074
2026-05-09,ヤクルト,1548.7512340818926
2026-05-09,中日,1480.113545218158
2026-05-09,巨人,1478.2937479503973
2026-05-09,広島,1449.337406678064
2026-05-09,阪神,1528.2981121417806
2026-05-09,DeNA,1515.2059539297074
2026-05-09,ヤクルト,1558.5516039134895
2026-05-09,中日,1480.113545218158
2026-05-09,巨人,1478.2937479503973
2026-05-09,広島,1439.5370368464671
2026-05-09,阪神,1528.2981121417806
2026-05-09,DeNA,1528.8564702637918
2026-05-09,ヤクルト,1558.5516039134895
2026-05-09,中日,1480.113545218158
2026-05-09,巨人,1478.2937479503973
2026-05-09,広島,1439.5370368464671
2026-05-09,阪神,1514.6475958076962
2026-05-09,DeNA,1528.8564702637918
2026-05-09,ヤクルト,1558.5516039134895
2026-05-09,中日,1480.113545218158
2026-05-09,巨人,1478.2937479503973
2026-05-09,広島,1439.5370368464671
2026-05-09,阪神,1514.6475958076962
2026-05-09,DeNA,1528.8564702637918
2026-05-09,ヤクルト,1558.5516039134895
2026-05-09,中日,1480.113545218158
2026-05-09,巨人,1478.2937479503973
2026-05-09,広島,1439.5370368464671
2026-05-09,阪神,1514.6475958076962
2026-05-10,DeNA,1528.8564702637918
2026-05-10,ヤクルト,1558.5516039134895
2026-05-10,中日,1480.113545218158
2026-05-10,巨人,1478.2937479503973
2026-05-10,広島,1439.5370368464671
2026-05-10,阪神,1514.6475958076962
2026-05-10,DeNA,1528.8564702637918
2026-05-10,ヤクルト,1558.5516039134895
2026-05-10,中日,1466.8465739975952
2026-05-10,巨人,1491.56071917096
2026-05-10,広島,1439.5370368464671
2026-05-10,阪神,1514.6475958076962
2026-05-10,DeNA,1528.8564702637918
2026-05-10,ヤクルト,1543.705110159776
2026-05-10,中日,1466.8465739975952
2026-05-10,巨人,1491.56071917096
2026-05-10,広島,1454.3835306001806
2026-05-10,阪神,1514.6475958076962
2026-05-10,DeNA,1517.5737143478414
2026-05-10,ヤクルト,1543.705110159776
2026-05-10,中日,1466.8465739975952
2026-05-10,巨人,1491.56071917096
2026-05-10,広島,1454.3835306001806
2026-05-10,阪神,1525.9303517236467
2026-05-10,DeNA,1517.5737143478414
2026-05-10,ヤクルト,1543.705110159776
2026-05-10,中日,1466.8465739975952
2026-05-10,巨人,1491.56071917096
2026-05-10,広島,1454.3835306001806
2026-05-10,阪神,1525.9303517236467
2026-05-10,DeNA,1517.5737143478414
2026-05-10,ヤクルト,1543.705110159776
2026-05-10,中日,1466.8465739975952
2026-05-10,巨人,1491.56071917096
2026-05-10,広島,1454.3835306001806
2026-05-10,阪神,1525.9303517236467
2026-05-12,DeNA,1526.671464288358
2026-05-12,ヤクルト,1543.705110159776
2026-05-12,中日,1457.7488240570785
2026-05-12,巨人,1491.56071917096
2026-05-12,広島,1454.3835306001806
2026-05-12,阪神,1525.9303517236467
2026-05-12,DeNA,1526.671464288358
2026-05-12,ヤクルト,1543.705110159776
2026-05-12,中日,1457.7488240570785
2026-05-12,巨人,1491.56071917096
2026-05-12,広島,1454.3835306001806
2026-05-12,阪神,1525.9303517236467
2026-05-12,DeNA,1526.671464288358
2026-05-12,ヤクルト,1543.705110159776
2026-05-12,中日,1457.7488240570785
2026-05-12,巨人,1491.56071917096
2026-05-12,広島,1454.3835306001806
2026-05-12,阪神,1525.9303517236467
2026-05-12,DeNA,1526.671464288358
2026-05-12,ヤクルト,1543.705110159776
2026-05-12,中日,1457.7488240570785
2026-05-12,巨人,1491.56071917096
2026-05-12,広島,1454.3835306001806
2026-05-12,阪神,1525.9303517236467
2026-05-12,DeNA,1526.671464288358
2026-05-12,ヤクルト,1543.705110159776
2026-05-12,中日,1457.7488240570785
2026-05-12,巨人,1501.1030611447293
2026-05-12,広島,1444.8411886264114
2026-05-12,阪神,1525.9303517236467
2026-05-12,DeNA,1526.671464288358
2026-05-12,ヤクルト,1529.896225354235
2026-05-12,中日,1457.7488240570785
2026-05-12,巨人,1501.1030611447293
2026-05-12,広島,1444.8411886264114
2026-05-12,阪神,1539.7392365291878
2026-05-13,DeNA,1535.1854517463714
2026-05-13,ヤクルト,1529.896225354235
2026-05-13,中日,1449.2348365990651
2026-05-13,巨人,1501.1030611447293
2026-05-13,広島,1444.8411886264114
2026-05-13,阪神,1539.7392365291878
2026-05-13,DeNA,1535.1854517463714
2026-05-13,ヤクルト,1529.896225354235
2026-05-13,中日,1449.2348365990651
2026-05-13,巨人,1501.1030611447293
2026-05-13,広島,1444.8411886264114
2026-05-13,阪神,1539.7392365291878
2026-05-13,DeNA,1535.1854517463714
2026-05-13,ヤクルト,1529.896225354235
2026-05-13,中日,1449.2348365990651
2026-05-13,巨人,1501.1030611447293
2026-05-13,広島,1444.8411886264114
2026-05-13,阪神,1539.7392365291878
2026-05-13,DeNA,1535.1854517463714
2026-05-13,ヤクルト,1529.896225354235
2026-05-13,中日,1449.2348365990651
2026-05-13,巨人,1510.0215358582852
2026-05-13,広島,1435.9227139128554
2026-05-13,阪神,1539.7392365291878
2026-05-13,DeNA,1535.1854517463714
2026-05-13,ヤクルト,1541.0288490586308
2026-05-13,中日,1449.2348365990651
2026-05-13,巨人,1510.0215358582852
2026-05-13,広島,1435.9227139128554
2026-05-13,阪神,1528.606612824792
2026-05-14,DeNA,1531.168924150955
2026-05-14,ヤクルト,1541.0288490586308
2026-05-14,中日,1453.2513641944815
2026-05-14,巨人,1510.0215358582852
2026-05-14,広島,1435.9227139128554
2026-05-14,阪神,1528.606612824792
2026-05-14,DeNA,1531.168924150955
2026-05-14,ヤクルト,1541.0288490586308
2026-05-14,中日,1453.2513641944815
2026-05-14,巨人,1510.0215358582852
2026-05-14,広島,1435.9227139128554
2026-05-14,阪神,1528.606612824792
2026-05-14,DeNA,1531.168924150955
2026-05-14,ヤクルト,1541.0288490586308
2026-05-14,中日,1453.2513641944815
2026-05-14,巨人,1510.0215358582852
2026-05-14,広島,1435.9227139128554
2026-05-14,阪神,1528.606612824792
2026-05-15,DeNA,1531.168924150955
2026-05-15,ヤクルト,1551.2198722254475
2026-05-15,中日,1443.060341027665
2026-05-15,巨人,1510.0215358582852
2026-05-15,広島,1435.9227139128554
2026-05-15,阪神,1528.606612824792
2026-05-15,DeNA,1531.168924150955
2026-05-15,ヤクルト,1551.2198722254475
2026-05-15,中日,1443.060341027665
2026-05-15,巨人,1510.0215358582852
2026-05-15,広島,1435.9227139128554
2026-05-15,阪神,1528.606612824792
2026-05-15,DeNA,1531.168924150955
2026-05-15,ヤクルト,1551.2198722254475
2026-05-15,中日,1443.060341027665
2026-05-15,巨人,1510.0215358582852
2026-05-15,広島,1435.9227139128554
2026-05-15,阪神,1528.606612824792
2026-05-15,DeNA,1531.168924150955
2026-05-15,ヤクルト,1551.2198722254475
2026-05-15,中日,1443.060341027665
2026-05-15,巨人,1510.0215358582852
2026-05-15,広島,1452.1443905640954
2026-05-15,阪神,1512.384936173552
2026-05-15,DeNA,1531.168924150955
2026-05-15,ヤクルト,1551.2198722254475
2026-05-15,中日,1443.060341027665
2026-05-15,巨人,1510.0215358582852
2026-05-15,広島,1452.1443905640954
2026-05-15,阪神,1512.384936173552
2026-05-15,DeNA,1519.6471230387222
2026-05-15,ヤクルト,1551.2198722254475
2026-05-15,中日,1443.060341027665
2026-05-15,巨人,1521.543336970518
2026-05-15,広島,1452.1443905640954
2026-05-15,阪神,1512.384936173552
2026-05-16,DeNA,1519.6471230387222
2026-05-16,ヤクルト,1536.7297273344523
2026-05-16,中日,1457.5504859186601
2026-05-16,巨人,1521.543336970518
2026-05-16,広島,1452.1443905640954
2026-05-16,阪神,1512.384936173552
2026-05-16,DeNA,1519.6471230387222
2026-05-16,ヤクルト,1536.7297273344523
2026-05-16,中日,1457.5504859186601
2026-05-16,巨人,1521.543336970518
2026-05-16,広島,1452.1443905640954
2026-05-16,阪神,1512.384936173552
2026-05-16,DeNA,1519.6471230387222
2026-05-16,ヤクルト,1536.7297273344523
2026-05-16,中日,1457.5504859186601
2026-05-16,巨人,1521.543336970518
2026-05-16,広島,1452.1443905640954
2026-05-16,阪神,1512.384936173552
2026-05-16,DeNA,1519.6471230387222
2026-05-16,ヤクルト,1536.7297273344523
2026-05-16,中日,1457.5504859186601
2026-05-16,巨人,1521.543336970518
2026-05-16,広島,1443.353890629285
2026-05-16,阪神,1521.1754361083624
2026-05-16,DeNA,1519.6471230387222
2026-05-16,ヤクルト,1536.7297273344523
2026-05-16,中日,1457.5504859186601
2026-05-16,巨人,1521.543336970518
2026-05-16,広島,1443.353890629285
2026-05-16,阪神,1521.1754361083624
2026-05-16,DeNA,1508.916704115126
2026-05-16,ヤクルト,1536.7297273344523
2026-05-16,中日,1457.5504859186601
2026-05-16,巨人,1532.2737558941142
2026-05-16,広島,1443.353890629285
2026-05-16,阪神,1521.1754361083624
2026-05-17,DeNA,1508.916704115126
2026-05-17,ヤクルト,1547.2120017144039
2026-05-17,中日,1447.0682115387085
2026-05-17,巨人,1532.2737558941142
2026-05-17,広島,1443.353890629285
2026-05-17,阪神,1521.1754361083624
2026-05-17,DeNA,1508.916704115126
2026-05-17,ヤクルト,1547.2120017144039
2026-05-17,中日,1447.0682115387085
2026-05-17,巨人,1532.2737558941142
2026-05-17,広島,1443.353890629285
2026-05-17,阪神,1521.1754361083624
2026-05-17,DeNA,1508.916704115126
2026-05-17,ヤクルト,1547.2120017144039
2026-05-17,中日,1447.0682115387085
2026-05-17,巨人,1532.2737558941142
2026-05-17,広島,1443.353890629285
2026-05-17,阪神,1521.1754361083624
2026-05-17,DeNA,1508.916704115126
2026-05-17,ヤクルト,1547.2120017144039
2026-05-17,中日,1447.0682115387085
2026-05-17,巨人,1532.2737558941142
2026-05-17,広島,1459.119183233476
2026-05-17,阪神,1505.4101435041714
2026-05-17,DeNA,1508.916704115126
2026-05-17,ヤクルト,1547.2120017144039
2026-05-17,中日,1447.0682115387085
2026-05-17,巨人,1532.2737558941142
2026-05-17,広島,1459.119183233476
2026-05-17,阪神,1505.4101435041714
2026-05-17,DeNA,1498.9135420555856
2026-05-17,ヤクルト,1547.2120017144039
2026-05-17,中日,1447.0682115387085
2026-05-17,巨人,1542.2769179536547
2026-05-17,広島,1459.119183233476
2026-05-17,阪神,1505.4101435041714
2026-05-19,DeNA,1498.9135420555856
2026-05-19,ヤクルト,1547.2120017144039
2026-05-19,中日,1447.0682115387085
2026-05-19,巨人,1542.2769179536547
2026-05-19,広島,1459.119183233476
2026-05-19,阪神,1505.4101435041714
2026-05-19,DeNA,1498.9135420555856
2026-05-19,ヤクルト,1547.2120017144039
2026-05-19,中日,1447.0682115387085
2026-05-19,巨人,1542.2769179536547
2026-05-19,広島,1459.119183233476
2026-05-19,阪神,1505.4101435041714
2026-05-19,DeNA,1486.7479612781
2026-05-19,ヤクルト,1547.2120017144039
2026-05-19,中日,1447.0682115387085
2026-05-19,巨人,1542.2769179536547
2026-05-19,広島,1471.2847640109615
2026-05-19,阪神,1505.4101435041714
2026-05-19,DeNA,1486.7479612781
2026-05-19,ヤクルト,1547.2120017144039
2026-05-19,中日,1438.2167381983502
2026-05-19,巨人,1542.2769179536547
2026-05-19,広島,1471.2847640109615
2026-05-19,阪神,1514.2616168445297
2026-05-19,DeNA,1486.7479612781
2026-05-19,ヤクルト,1547.2120017144039
2026-05-19,中日,1438.2167381983502
2026-05-19,巨人,1542.2769179536547
2026-05-19,広島,1471.2847640109615
2026-05-19,阪神,1514.2616168445297
2026-05-19,DeNA,1486.7479612781
2026-05-19,ヤクルト,1533.838735220767
2026-05-19,中日,1438.2167381983502
2026-05-19,巨人,1555.6501844472916
2026-05-19,広島,1471.2847640109615
2026-05-19,阪神,1514.2616168445297
2026-05-20,DeNA,1486.7479612781
2026-05-20,ヤクルト,1533.838735220767
2026-05-20,中日,1438.2167381983502
2026-05-20,巨人,1555.6501844472916
2026-05-20,広島,1471.2847640109615
2026-05-20,阪神,1514.2616168445297
2026-05-20,DeNA,1486.7479612781
2026-05-20,ヤクルト,1533.838735220767
2026-05-20,中日,1438.2167381983502
2026-05-20,巨人,1555.6501844472916
2026-05-20,広島,1471.2847640109615
2026-05-20,阪神,1514.2616168445297
2026-05-20,DeNA,1499.4220282280075
2026-05-20,ヤクルト,1533.838735220767
2026-05-20,中日,1438.2167381983502
2026-05-20,巨人,1555.6501844472916
2026-05-20,広島,1458.610697061054
2026-05-20,阪神,1514.2616168445297
2026-05-20,DeNA,1499.4220282280075
2026-05-20,ヤクルト,1533.838735220767
2026-05-20,中日,1429.9266200221123
2026-05-20,巨人,1555.6501844472916
2026-05-20,広島,1458.610697061054
2026-05-20,阪神,1522.5517350207676
2026-05-20,DeNA,1499.4220282280075
2026-05-20,ヤクルト,1533.838735220767
2026-05-20,中日,1429.9266200221123
2026-05-20,巨人,1555.6501844472916
2026-05-20,広島,1458.610697061054
2026-05-20,阪神,1522.5517350207676
2026-05-21,DeNA,1487.221330676376
2026-05-21,ヤクルト,1533.838735220767
2026-05-21,中日,1429.9266200221123
2026-05-21,巨人,1555.6501844472916
2026-05-21,広島,1470.8113946126855
2026-05-21,阪神,1522.5517350207676
2026-05-21,DeNA,1487.221330676376
2026-05-21,ヤクルト,1545.3834374790279
2026-05-21,中日,1429.9266200221123
2026-05-21,巨人,1544.1054821890307
2026-05-21,広島,1470.8113946126855
2026-05-21,阪神,1522.5517350207676
2026-05-22,DeNA,1487.221330676376
2026-05-22,ヤクルト,1545.3834374790279
2026-05-22,中日,1442.129853501179
2026-05-22,巨人,1544.1054821890307
2026-05-22,広島,1458.6081611336188
2026-05-22,阪神,1522.5517350207676
2026-05-22,DeNA,1487.221330676376
2026-05-22,ヤクルト,1545.3834374790279
2026-05-22,中日,1442.129853501179
2026-05-22,巨人,1544.1054821890307
2026-05-22,広島,1458.6081611336188
2026-05-22,阪神,1522.5517350207676
2026-05-22,DeNA,1487.221330676376
2026-05-22,ヤクルト,1545.3834374790279
2026-05-22,中日,1442.129853501179
2026-05-22,巨人,1544.1054821890307
2026-05-22,広島,1458.6081611336188
2026-05-22,阪神,1522.5517350207676
2026-05-22,DeNA,1487.221330676376
2026-05-22,ヤクルト,1545.3834374790279
2026-05-22,中日,1442.129853501179
2026-05-22,巨人,1544.1054821890307
2026-05-22,広島,1458.6081611336188
2026-05-22,阪神,1522.5517350207676
2026-05-22,DeNA,1487.221330676376
2026-05-22,ヤクルト,1545.3834374790279
2026-05-22,中日,1442.129853501179
2026-05-22,巨人,1530.1692553451169
2026-05-22,広島,1458.6081611336188
2026-05-22,阪神,1536.4879618646814
2026-05-23,DeNA,1487.221330676376
2026-05-23,ヤクルト,1545.3834374790279
2026-05-23,中日,1429.49074223097
2026-05-23,巨人,1530.1692553451169
2026-05-23,広島,1471.2472724038278
2026-05-23,阪神,1536.4879618646814
2026-05-23,DeNA,1476.0201384627399
2026-05-23,ヤクルト,1556.584629692664
2026-05-23,中日,1429.49074223097
2026-05-23,巨人,1530.1692553451169
2026-05-23,広島,1471.2472724038278
2026-05-23,阪神,1536.4879618646814
2026-05-23,DeNA,1476.0201384627399
2026-05-23,ヤクルト,1556.584629692664
2026-05-23,中日,1429.49074223097
2026-05-23,巨人,1530.1692553451169
2026-05-23,広島,1471.2472724038278
2026-05-23,阪神,1536.4879618646814
2026-05-23,DeNA,1476.0201384627399
2026-05-23,ヤクルト,1556.584629692664
2026-05-23,中日,1429.49074223097
2026-05-23,巨人,1530.1692553451169
2026-05-23,広島,1471.2472724038278
2026-05-23,阪神,1536.4879618646814
2026-05-23,DeNA,1476.0201384627399
2026-05-23,ヤクルト,1556.584629692664
2026-05-23,中日,1429.49074223097
2026-05-23,巨人,1530.1692553451169
2026-05-23,広島,1471.2472724038278
2026-05-23,阪神,1536.4879618646814
2026-05-23,DeNA,1476.0201384627399
2026-05-23,ヤクルト,1556.584629692664
2026-05-23,中日,1429.49074223097
2026-05-23,巨人,1517.180882708865
2026-05-23,広島,1471.2472724038278
2026-05-23,阪神,1549.4763345009333
2026-05-24,DeNA,1476.0201384627399
2026-05-24,ヤクルト,1556.584629692664
2026-05-24,中日,1417.724075102596
2026-05-24,巨人,1517.180882708865
2026-05-24,広島,1483.0139395322017
2026-05-24,阪神,1549.4763345009333
2026-05-24,DeNA,1489.5849195899611
2026-05-24,ヤクルト,1543.0198485654428
2026-05-24,中日,1417.724075102596
2026-05-24,巨人,1517.180882708865
2026-05-24,広島,1483.0139395322017
2026-05-24,阪神,1549.4763345009333
2026-05-24,DeNA,1489.5849195899611
2026-05-24,ヤクルト,1543.0198485654428
2026-05-24,中日,1417.724075102596
2026-05-24,巨人,1517.180882708865
2026-05-24,広島,1483.0139395322017
2026-05-24,阪神,1549.4763345009333
2026-05-24,DeNA,1489.5849195899611
2026-05-24,ヤクルト,1543.0198485654428
2026-05-24,中日,1417.724075102596
2026-05-24,巨人,1517.180882708865
2026-05-24,広島,1483.0139395322017
2026-05-24,阪神,1549.4763345009333
2026-05-24,DeNA,1489.5849195899611
2026-05-24,ヤクルト,1543.0198485654428
2026-05-24,中日,1417.724075102596
2026-05-24,巨人,1517.180882708865
2026-05-24,広島,1483.0139395322017
2026-05-24,阪神,1549.4763345009333
2026-05-24,DeNA,1489.5849195899611
2026-05-24,ヤクルト,1543.0198485654428
2026-05-24,中日,1417.724075102596
2026-05-24,巨人,1505.0874728097963
2026-05-24,広島,1483.0139395322017
2026-05-24,阪神,1561.569744400002
2026-05-26,DeNA,1489.5849195899611
2026-05-26,ヤクルト,1543.0198485654428
2026-05-26,中日,1429.1421144429733
2026-05-26,巨人,1505.0874728097963
2026-05-26,広島,1483.0139395322017
2026-05-26,阪神,1561.569744400002
2026-05-26,DeNA,1477.2293938614614
2026-05-26,ヤクルト,1543.0198485654428
2026-05-26,中日,1429.1421144429733
2026-05-26,巨人,1505.0874728097963
2026-05-26,広島,1483.0139395322017
2026-05-26,阪神,1561.569744400002
2026-05-26,DeNA,1477.2293938614614
2026-05-26,ヤクルト,1543.0198485654428
2026-05-26,中日,1429.1421144429733
2026-05-26,巨人,1505.0874728097963
2026-05-26,広島,1470.533638558222
2026-05-26,阪神,1561.569744400002
2026-05-26,DeNA,1477.2293938614614
2026-05-26,ヤクルト,1543.0198485654428
2026-05-26,中日,1429.1421144429733
2026-05-26,巨人,1505.0874728097963
2026-05-26,広島,1470.533638558222
2026-05-26,阪神,1545.9147698488862
2026-05-26,DeNA,1477.2293938614614
2026-05-26,ヤクルト,1543.0198485654428
2026-05-26,中日,1429.1421144429733
2026-05-26,巨人,1491.3249559580254
2026-05-26,広島,1470.533638558222
2026-05-26,阪神,1545.9147698488862
2026-05-26,DeNA,1477.2293938614614
2026-05-26,ヤクルト,1530.7354601149825
2026-05-26,中日,1429.1421144429733
2026-05-26,巨人,1491.3249559580254
2026-05-26,広島,1470.533638558222
2026-05-26,阪神,1545.9147698488862
2026-05-27,DeNA,1477.2293938614614
2026-05-27,ヤクルト,1530.7354601149825
2026-05-27,中日,1439.7769028588307
2026-05-27,巨人,1491.3249559580254
2026-05-27,広島,1470.533638558222
2026-05-27,阪神,1545.9147698488862
2026-05-27,DeNA,1465.7269680805482
2026-05-27,ヤクルト,1530.7354601149825
2026-05-27,中日,1439.7769028588307
2026-05-27,巨人,1491.3249559580254
2026-05-27,広島,1470.533638558222
2026-05-27,阪神,1545.9147698488862
2026-05-27,DeNA,1465.7269680805482
2026-05-27,ヤクルト,1530.7354601149825
2026-05-27,中日,1439.7769028588307
2026-05-27,巨人,1491.3249559580254
2026-05-27,広島,1458.9150609767769
2026-05-27,阪神,1545.9147698488862
2026-05-27,DeNA,1465.7269680805482
2026-05-27,ヤクルト,1530.7354601149825
2026-05-27,中日,1439.7769028588307
2026-05-27,巨人,1491.3249559580254
2026-05-27,広島,1458.9150609767769
2026-05-27,阪神,1531.265771087402
2026-05-27,DeNA,1465.7269680805482
2026-05-27,ヤクルト,1530.7354601149825
2026-05-27,中日,1439.7769028588307
2026-05-27,巨人,1502.5015752303952
2026-05-27,広島,1458.9150609767769
2026-05-27,阪神,1531.265771087402
2026-05-27,DeNA,1465.7269680805482
2026-05-27,ヤクルト,1531.299178675991
2026-05-27,中日,1439.7769028588307
2026-05-27,巨人,1502.5015752303952
2026-05-27,広島,1458.9150609767769
2026-05-27,阪神,1531.265771087402
2026-05-28,DeNA,1465.7269680805482
2026-05-28,ヤクルト,1531.299178675991
2026-05-28,中日,1449.6924817576917
2026-05-28,巨人,1502.5015752303952
2026-05-28,広島,1458.9150609767769
2026-05-28,阪神,1531.265771087402
2026-05-28,DeNA,1479.0144130613187
2026-05-28,ヤクルト,1531.299178675991
2026-05-28,中日,1449.6924817576917
2026-05-28,巨人,1502.5015752303952
2026-05-28,広島,1458.9150609767769
2026-05-28,阪神,1531.265771087402
2026-05-28,DeNA,1479.0144130613187
2026-05-28,ヤクルト,1531.299178675991
2026-05-28,中日,1449.6924817576917
2026-05-28,巨人,1502.5015752303952
2026-05-28,広島,1448.0953663137298
2026-05-28,阪神,1531.265771087402
2026-05-28,DeNA,1479.0144130613187
2026-05-28,ヤクルト,1531.299178675991
2026-05-28,中日,1449.6924817576917
2026-05-28,巨人,1502.5015752303952
2026-05-28,広島,1448.0953663137298
2026-05-28,阪神,1517.5952746814103
2026-05-28,DeNA,1479.0144130613187
2026-05-28,ヤクルト,1531.299178675991
2026-05-28,中日,1449.6924817576917
2026-05-28,巨人,1488.914202371574
2026-05-28,広島,1448.0953663137298
2026-05-28,阪神,1517.5952746814103
2026-05-28,DeNA,1479.0144130613187
2026-05-28,ヤクルト,1519.8240370841934
2026-05-28,中日,1449.6924817576917
2026-05-28,巨人,1488.914202371574
2026-05-28,広島,1448.0953663137298
2026-05-28,阪神,1517.5952746814103
2026-05-29,DeNA,1479.0144130613187
2026-05-29,ヤクルト,1519.8240370841934
2026-05-29,中日,1465.3749007949584
2026-05-29,巨人,1488.914202371574
2026-05-29,広島,1448.0953663137298
2026-05-29,阪神,1517.5952746814103
2026-05-29,DeNA,1479.0144130613187
2026-05-29,ヤクルト,1529.0782599762751
2026-05-29,中日,1465.3749007949584
2026-05-29,巨人,1488.914202371574
2026-05-29,広島,1448.0953663137298
2026-05-29,阪神,1517.5952746814103
2026-05-29,DeNA,1479.0144130613187
2026-05-29,ヤクルト,1529.0782599762751
2026-05-29,中日,1465.3749007949584
2026-05-29,巨人,1503.5421715556504
2026-05-29,広島,1448.0953663137298
2026-05-29,阪神,1517.5952746814103
2026-05-29,DeNA,1471.865807851354
2026-05-29,ヤクルト,1529.0782599762751
2026-05-29,中日,1465.3749007949584
2026-05-29,巨人,1503.5421715556504
2026-05-29,広島,1448.0953663137298
2026-05-29,阪神,1517.5952746814103
2026-05-29,DeNA,1471.865807851354
2026-05-29,ヤクルト,1529.0782599762751
2026-05-29,中日,1465.3749007949584
2026-05-29,巨人,1503.5421715556504
2026-05-29,広島,1448.0953663137298
2026-05-29,阪神,1531.5271254364907
2026-05-29,DeNA,1471.865807851354
2026-05-29,ヤクルト,1529.0782599762751
2026-05-29,中日,1465.3749007949584
2026-05-29,巨人,1503.5421715556504
2026-05-29,広島,1439.1930690547965
2026-05-29,阪神,1531.5271254364907
2026-05-30,DeNA,1471.865807851354
2026-05-30,ヤクルト,1529.0782599762751
2026-05-30,中日,1456.0508808886768
2026-05-30,巨人,1503.5421715556504
2026-05-30,広島,1439.1930690547965
2026-05-30,阪神,1531.5271254364907
2026-05-30,DeNA,1471.865807851354
2026-05-30,ヤクルト,1537.734546918947
2026-05-30,中日,1456.0508808886768
2026-05-30,巨人,1503.5421715556504
2026-05-30,広島,1439.1930690547965
2026-05-30,阪神,1531.5271254364907
2026-05-30,DeNA,1471.865807851354
2026-05-30,ヤクルト,1537.734546918947
2026-05-30,中日,1456.0508808886768
2026-05-30,巨人,1517.192417990473
2026-05-30,広島,1439.1930690547965
2026-05-30,阪神,1531.5271254364907
2026-05-30,DeNA,1465.1233149854947
2026-05-30,ヤクルト,1537.734546918947
2026-05-30,中日,1456.0508808886768
2026-05-30,巨人,1517.192417990473
2026-05-30,広島,1439.1930690547965
2026-05-30,阪神,1531.5271254364907
2026-05-30,DeNA,1465.1233149854947
2026-05-30,ヤクルト,1537.734546918947
2026-05-30,中日,1456.0508808886768
2026-05-30,巨人,1517.192417990473
2026-05-30,広島,1439.1930690547965
2026-05-30,阪神,1544.5113358781418
2026-05-30,DeNA,1465.1233149854947
2026-05-30,ヤクルト,1537.734546918947
2026-05-30,中日,1456.0508808886768
2026-05-30,巨人,1517.192417990473
2026-05-30,広島,1430.8567595755835
2026-05-30,阪神,1544.5113358781418
2026-05-31,DeNA,1465.1233149854947
2026-05-31,ヤクルト,1537.734546918947
2026-05-31,中日,1447.3311001497823
2026-05-31,巨人,1517.192417990473
2026-05-31,広島,1430.8567595755835
2026-05-31,阪神,1544.5113358781418
2026-05-31,DeNA,1465.1233149854947
2026-05-31,ヤクルト,1545.847301591082
2026-05-31,中日,1447.3311001497823
2026-05-31,巨人,1517.192417990473
2026-05-31,広島,1430.8567595755835
2026-05-31,阪神,1544.5113358781418
2026-05-31,DeNA,1465.1233149854947
2026-05-31,ヤクルト,1545.847301591082
2026-05-31,中日,1447.3311001497823
2026-05-31,巨人,1505.9094065315446
2026-05-31,広島,1430.8567595755835
2026-05-31,阪神,1544.5113358781418
2026-05-31,DeNA,1482.750698064428
2026-05-31,ヤクルト,1545.847301591082
2026-05-31,中日,1447.3311001497823
2026-05-31,巨人,1505.9094065315446
2026-05-31,広島,1430.8567595755835
2026-05-31,阪神,1544.5113358781418
2026-05-31,DeNA,1482.750698064428
2026-05-31,ヤクルト,1545.847301591082
2026-05-31,中日,1447.3311001497823
2026-05-31,巨人,1505.9094065315446
2026-05-31,広島,1430.8567595755835
2026-05-31,阪神,1532.6008430152033
2026-05-31,DeNA,1482.750698064428
2026-05-31,ヤクルト,1545.847301591082
2026-05-31,中日,1447.3311001497823
2026-05-31,巨人,1505.9094065315446
2026-05-31,広島,1423.0346963545185
2026-05-31,阪神,1532.6008430152033
2026-06-02,DeNA,1482.750698064428
2026-06-02,ヤクルト,1545.847301591082
2026-06-02,中日,1436.9645446684763
2026-06-02,巨人,1505.9094065315446
2026-06-02,広島,1423.0346963545185
2026-06-02,阪神,1532.6008430152033
2026-06-02,DeNA,1466.1645394581294
2026-06-02,ヤクルト,1545.847301591082
2026-06-02,中日,1436.9645446684763
2026-06-02,巨人,1505.9094065315446
2026-06-02,広島,1423.0346963545185
2026-06-02,阪神,1532.6008430152033
2026-06-02,DeNA,1466.1645394581294
2026-06-02,ヤクルト,1545.847301591082
2026-06-02,中日,1436.9645446684763
2026-06-02,巨人,1517.4368450231536
2026-06-02,広島,1423.0346963545185
2026-06-02,阪神,1532.6008430152033
2026-06-02,DeNA,1466.1645394581294
2026-06-02,ヤクルト,1531.90165082003
2026-06-02,中日,1436.9645446684763
2026-06-02,巨人,1517.4368450231536
2026-06-02,広島,1423.0346963545185
2026-06-02,阪神,1532.6008430152033
2026-06-03,DeNA,1466.1645394581294
2026-06-03,ヤクルト,1531.90165082003
2026-06-03,中日,1427.294334344396
2026-06-03,巨人,1517.4368450231536
2026-06-03,広島,1423.0346963545185
2026-06-03,阪神,1532.6008430152033
2026-06-03,DeNA,1450.5906274043168
2026-06-03,ヤクルト,1531.90165082003
2026-06-03,中日,1427.294334344396
2026-06-03,巨人,1517.4368450231536
2026-06-03,広島,1423.0346963545185
2026-06-03,阪神,1532.6008430152033
2026-06-03,DeNA,1450.5906274043168
2026-06-03,ヤクルト,1531.90165082003
2026-06-03,中日,1427.294334344396
2026-06-03,巨人,1517.4368450231536
2026-06-03,広島,1436.9598435318503
2026-06-03,阪神,1532.6008430152033
2026-06-03,DeNA,1450.5906274043168
2026-06-03,ヤクルト,1531.90165082003
2026-06-03,中日,1427.294334344396
2026-06-03,巨人,1517.4368450231536
2026-06-03,広島,1436.9598435318503
2026-06-03,阪神,1521.3474038091713
2026-06-03,DeNA,1450.5906274043168
2026-06-03,ヤクルト,1531.90165082003
2026-06-03,中日,1427.294334344396
2026-06-03,巨人,1528.1724621701314
2026-06-03,広島,1436.9598435318503
2026-06-03,阪神,1521.3474038091713
2026-06-03,DeNA,1450.5906274043168
2026-06-03,ヤクルト,1542.9043138606837
2026-06-03,中日,1427.294334344396
2026-06-03,巨人,1528.1724621701314
2026-06-03,広島,1436.9598435318503
2026-06-03,阪神,1521.3474038091713
2026-06-04,DeNA,1450.5906274043168
2026-06-04,ヤクルト,1542.9043138606837
2026-06-04,中日,1418.2594171516498
2026-06-04,巨人,1528.1724621701314
2026-06-04,広島,1436.9598435318503
2026-06-04,阪神,1521.3474038091713
2026-06-04,DeNA,1460.0212296771654
2026-06-04,ヤクルト,1542.9043138606837
2026-06-04,中日,1418.2594171516498
2026-06-04,巨人,1528.1724621701314
2026-06-04,広島,1436.9598435318503
2026-06-04,阪神,1521.3474038091713
2026-06-04,DeNA,1460.0212296771654
2026-06-04,ヤクルト,1542.9043138606837
2026-06-04,中日,1418.2594171516498
2026-06-04,巨人,1528.1724621701314
2026-06-04,広島,1425.9376786335533
2026-06-04,阪神,1521.3474038091713
2026-06-04,DeNA,1460.0212296771654
2026-06-04,ヤクルト,1542.9043138606837
2026-06-04,中日,1418.2594171516498
2026-06-04,巨人,1528.1724621701314
2026-06-04,広島,1425.9376786335533
2026-06-04,阪神,1510.864134912693
2026-06-04,DeNA,1460.0212296771654
2026-06-04,ヤクルト,1542.9043138606837
2026-06-04,中日,1418.2594171516498
2026-06-04,巨人,1538.180386677764
2026-06-04,広島,1425.9376786335533
2026-06-04,阪神,1510.864134912693
2026-06-04,DeNA,1460.0212296771654
2026-06-04,ヤクルト,1529.157139345162
2026-06-04,中日,1418.2594171516498
2026-06-04,巨人,1538.180386677764
2026-06-04,広島,1425.9376786335533
2026-06-04,阪神,1510.864134912693
2026-06-05,DeNA,1460.0212296771654
2026-06-05,ヤクルト,1529.157139345162
2026-06-05,中日,1435.3611837174287
2026-06-05,巨人,1538.180386677764
2026-06-05,広島,1425.9376786335533
2026-06-05,阪神,1510.864134912693
2026-06-05,DeNA,1474.20604222124
2026-06-05,ヤクルト,1529.157139345162
2026-06-05,中日,1435.3611837174287
2026-06-05,巨人,1538.180386677764
2026-06-05,広島,1425.9376786335533
2026-06-05,阪神,1510.864134912693
2026-06-05,DeNA,1474.20604222124
2026-06-05,ヤクルト,1529.157139345162
2026-06-05,中日,1435.3611837174287
2026-06-05,巨人,1538.180386677764
2026-06-05,広島,1427.1086599218506
2026-06-05,阪神,1510.864134912693
2026-06-05,DeNA,1474.20604222124
2026-06-05,ヤクルト,1529.157139345162
2026-06-05,中日,1435.3611837174287
2026-06-05,巨人,1538.180386677764
2026-06-05,広島,1427.1086599218506
2026-06-05,阪神,1518.120129048444
2026-06-05,DeNA,1474.20604222124
2026-06-05,ヤクルト,1529.157139345162
2026-06-05,中日,1435.3611837174287
2026-06-05,巨人,1549.0619316918703
2026-06-05,広島,1427.1086599218506
2026-06-05,阪神,1518.120129048444
2026-06-05,DeNA,1474.20604222124
2026-06-05,ヤクルト,1515.347369067167
2026-06-05,中日,1435.3611837174287
2026-06-05,巨人,1549.0619316918703
2026-06-05,広島,1427.1086599218506
2026-06-05,阪神,1518.120129048444
2026-06-06,DeNA,1474.20604222124
2026-06-06,ヤクルト,1515.347369067167
2026-06-06,中日,1427.4562465558054
2026-06-06,巨人,1549.0619316918703
2026-06-06,広島,1427.1086599218506
2026-06-06,阪神,1518.120129048444
2026-06-06,DeNA,1463.4313503475034
2026-06-06,ヤクルト,1515.347369067167
2026-06-06,中日,1427.4562465558054
2026-06-06,巨人,1549.0619316918703
2026-06-06,広島,1427.1086599218506
2026-06-06,阪神,1518.120129048444
2026-06-06,DeNA,1463.4313503475034
2026-06-06,ヤクルト,1515.347369067167
2026-06-06,中日,1427.4562465558054
2026-06-06,巨人,1549.0619316918703
2026-06-06,広島,1440.1994714061814
2026-06-06,阪神,1518.120129048444
2026-06-06,DeNA,1463.4313503475034
2026-06-06,ヤクルト,1515.347369067167
2026-06-06,中日,1427.4562465558054
2026-06-06,巨人,1549.0619316918703
2026-06-06,広島,1440.1994714061814
2026-06-06,阪神,1524.9603403830736
2026-06-06,DeNA,1463.4313503475034
2026-06-06,ヤクルト,1515.347369067167
2026-06-06,中日,1427.4562465558054
2026-06-06,巨人,1547.203622892553
2026-06-06,広島,1440.1994714061814
2026-06-06,阪神,1524.9603403830736
2026-06-06,DeNA,1463.4313503475034
2026-06-06,ヤクルト,1502.479152285514
2026-06-06,中日,1427.4562465558054
2026-06-06,巨人,1547.203622892553
2026-06-06,広島,1440.1994714061814
2026-06-06,阪神,1524.9603403830736
2026-06-07,DeNA,1463.4313503475034
2026-06-07,ヤクルト,1502.479152285514
2026-06-07,中日,1420.026072280958
2026-06-07,巨人,1547.203622892553
2026-06-07,広島,1440.1994714061814
2026-06-07,阪神,1524.9603403830736
2026-06-07,DeNA,1453.387621229882
2026-06-07,ヤクルト,1502.479152285514
2026-06-07,中日,1420.026072280958
2026-06-07,巨人,1547.203622892553
2026-06-07,広島,1440.1994714061814
2026-06-07,阪神,1524.9603403830736
2026-06-07,DeNA,1453.387621229882
2026-06-07,ヤクルト,1502.479152285514
2026-06-07,中日,1420.026072280958
2026-06-07,巨人,1547.203622892553
2026-06-07,広島,1452.3890053425605
2026-06-07,阪神,1524.9603403830736
2026-06-07,DeNA,1453.387621229882
2026-06-07,ヤクルト,1502.479152285514
2026-06-07,中日,1420.026072280958
2026-06-07,巨人,1547.203622892553
2026-06-07,広島,1452.3890053425605
2026-06-07,阪神,1531.42201028615
2026-06-07,DeNA,1453.387621229882
2026-06-07,ヤクルト,1502.479152285514
2026-06-07,中日,1420.026072280958
2026-06-07,巨人,1545.4708061957197
2026-06-07,広島,1452.3890053425605
2026-06-07,阪神,1531.42201028615
2026-06-07,DeNA,1453.387621229882
2026-06-07,ヤクルト,1490.4983206768466
2026-06-07,中日,1420.026072280958
2026-06-07,巨人,1545.4708061957197
2026-06-07,広島,1452.3890053425605
2026-06-07,阪神,1531.42201028615
2026-06-09,DeNA,1453.387621229882
2026-06-09,ヤクルト,1478.9471030235595
2026-06-09,中日,1420.026072280958
2026-06-09,巨人,1545.4708061957197
2026-06-09,広島,1452.3890053425605
2026-06-09,阪神,1531.42201028615
2026-06-09,DeNA,1453.387621229882
2026-06-09,ヤクルト,1478.9471030235595
2026-06-09,中日,1420.026072280958
2026-06-09,巨人,1553.1662680547513
2026-06-09,広島,1452.3890053425605
2026-06-09,阪神,1531.42201028615
2026-06-09,DeNA,1445.7281625550331
2026-06-09,ヤクルト,1478.9471030235595
2026-06-09,中日,1420.026072280958
2026-06-09,巨人,1553.1662680547513
2026-06-09,広島,1452.3890053425605
2026-06-09,阪神,1531.42201028615
2026-06-09,DeNA,1445.7281625550331
2026-06-09,ヤクルト,1478.9471030235595
2026-06-09,中日,1420.026072280958
2026-06-09,巨人,1553.1662680547513
2026-06-09,広島,1446.414264850879
2026-06-09,阪神,1531.42201028615
2026-06-09,DeNA,1445.7281625550331
2026-06-09,ヤクルト,1478.9471030235595
2026-06-09,中日,1412.8607330205089
2026-06-09,巨人,1553.1662680547513
2026-06-09,広島,1446.414264850879
2026-06-09,阪神,1531.42201028615
2026-06-09,DeNA,1445.7281625550331
2026-06-09,ヤクルト,1478.9471030235595
2026-06-09,中日,1412.8607330205089
2026-06-09,巨人,1553.1662680547513
2026-06-09,広島,1446.414264850879
2026-06-09,阪神,1521.7810761548349
2026-06-10,DeNA,1445.7281625550331
2026-06-10,ヤクルト,1468.1895561191188
2026-06-10,中日,1412.8607330205089
2026-06-10,巨人,1553.1662680547513
2026-06-10,広島,1446.414264850879
2026-06-10,阪神,1521.7810761548349
2026-06-10,DeNA,1445.7281625550331
2026-06-10,ヤクルト,1468.1895561191188
2026-06-10,中日,1412.8607330205089
2026-06-10,巨人,1560.4060856045735
2026-06-10,広島,1446.414264850879
2026-06-10,阪神,1521.7810761548349
2026-06-10,DeNA,1438.521068382431
2026-06-10,ヤクルト,1468.1895561191188
2026-06-10,中日,1412.8607330205089
2026-06-10,巨人,1560.4060856045735
2026-06-10,広島,1446.414264850879
2026-06-10,阪神,1521.7810761548349
2026-06-10,DeNA,1438.521068382431
2026-06-10,ヤクルト,1468.1895561191188
2026-06-10,中日,1412.8607330205089
2026-06-10,巨人,1560.4060856045735
2026-06-10,広島,1440.7428365986834
2026-06-10,阪神,1521.7810761548349
2026-06-10,DeNA,1438.521068382431
2026-06-10,ヤクルト,1468.1895561191188
2026-06-10,中日,1430.1030108615369
2026-06-10,巨人,1560.4060856045735
2026-06-10,広島,1440.7428365986834
2026-06-10,阪神,1521.7810761548349
2026-06-10,DeNA,1438.521068382431
2026-06-10,ヤクルト,1468.1895561191188
2026-06-10,中日,1430.1030108615369
2026-06-10,巨人,1560.4060856045735
2026-06-10,広島,1440.7428365986834
2026-06-10,阪神,1512.7728241034947
2026-06-11,DeNA,1438.521068382431
2026-06-11,ヤクルト,1458.1615383461985
2026-06-11,中日,1430.1030108615369
2026-06-11,巨人,1560.4060856045735
2026-06-11,広島,1440.7428365986834
2026-06-11,阪神,1512.7728241034947
2026-06-11,DeNA,1438.521068382431
2026-06-11,ヤクルト,1458.1615383461985
2026-06-11,中日,1430.1030108615369
2026-06-11,巨人,1543.2315791183796
2026-06-11,広島,1440.7428365986834
2026-06-11,阪神,1512.7728241034947
2026-06-11,DeNA,1431.7253495154212
2026-06-11,ヤクルト,1458.1615383461985
2026-06-11,中日,1430.1030108615369
2026-06-11,巨人,1543.2315791183796
2026-06-11,広島,1440.7428365986834
2026-06-11,阪神,1512.7728241034947
2026-06-11,DeNA,1431.7253495154212
2026-06-11,ヤクルト,1458.1615383461985
2026-06-11,中日,1430.1030108615369
2026-06-11,巨人,1543.2315791183796
2026-06-11,広島,1435.3493300387695
2026-06-11,阪神,1512.7728241034947
2026-06-11,DeNA,1431.7253495154212
2026-06-11,ヤクルト,1458.1615383461985
2026-06-11,中日,1422.341301306913
2026-06-11,巨人,1543.2315791183796
2026-06-11,広島,1435.3493300387695
2026-06-11,阪神,1512.7728241034947
2026-06-11,DeNA,1431.7253495154212
2026-06-11,ヤクルト,1458.1615383461985
2026-06-11,中日,1422.341301306913
2026-06-11,巨人,1543.2315791183796
2026-06-11,広島,1435.3493300387695
2026-06-11,阪神,1504.3402041839183
2026-06-12,DeNA,1431.7253495154212
2026-06-12,ヤクルト,1458.1615383461985
2026-06-12,中日,1422.341301306913
2026-06-12,巨人,1543.2315791183796
2026-06-12,広島,1435.3493300387695
2026-06-12,阪神,1493.4250173747457
2026-06-12,DeNA,1431.7253495154212
2026-06-12,ヤクルト,1458.1615383461985
2026-06-12,中日,1422.341301306913
2026-06-12,巨人,1543.2315791183796
2026-06-12,広島,1422.7258170913058
2026-06-12,阪神,1493.4250173747457
2026-06-12,DeNA,1431.7253495154212
2026-06-12,ヤクルト,1458.1615383461985
2026-06-12,中日,1416.171023318642
2026-06-12,巨人,1543.2315791183796
2026-06-12,広島,1422.7258170913058
2026-06-12,阪神,1493.4250173747457
2026-06-12,DeNA,1431.7253495154212
2026-06-12,ヤクルト,1458.1615383461985
2026-06-12,中日,1416.171023318642
2026-06-12,巨人,1535.1580388605707
2026-06-12,広島,1422.7258170913058
2026-06-12,阪神,1493.4250173747457
2026-06-12,DeNA,1424.1480646505336
2026-06-12,ヤクルト,1458.1615383461985
2026-06-12,中日,1416.171023318642
2026-06-12,巨人,1535.1580388605707
2026-06-12,広島,1422.7258170913058
2026-06-12,阪神,1493.4250173747457
2026-06-12,DeNA,1424.1480646505336
2026-06-12,ヤクルト,1475.5929747547116
2026-06-12,中日,1416.171023318642
2026-06-12,巨人,1535.1580388605707
2026-06-12,広島,1422.7258170913058
2026-06-12,阪神,1493.4250173747457
2026-06-13,DeNA,1424.1480646505336
2026-06-13,ヤクルト,1475.5929747547116
2026-06-13,中日,1416.171023318642
2026-06-13,巨人,1535.1580388605707
2026-06-13,広島,1422.7258170913058
2026-06-13,阪神,1507.2524677023594
2026-06-13,DeNA,1424.1480646505336
2026-06-13,ヤクルト,1475.5929747547116
2026-06-13,中日,1416.171023318642
2026-06-13,巨人,1535.1580388605707
2026-06-13,広島,1434.9737082287284
2026-06-13,阪神,1507.2524677023594
2026-06-13,DeNA,1424.1480646505336
2026-06-13,ヤクルト,1475.5929747547116
2026-06-13,中日,1410.3207224775679
2026-06-13,巨人,1535.1580388605707
2026-06-13,広島,1434.9737082287284
2026-06-13,阪神,1507.2524677023594
2026-06-13,DeNA,1424.1480646505336
2026-06-13,ヤクルト,1475.5929747547116
2026-06-13,中日,1410.3207224775679
2026-06-13,巨人,1551.574682838786
2026-06-13,広島,1434.9737082287284
2026-06-13,阪神,1507.2524677023594
2026-06-13,DeNA,1441.0156665803001
2026-06-13,ヤクルト,1475.5929747547116
2026-06-13,中日,1410.3207224775679
2026-06-13,巨人,1551.574682838786
2026-06-13,広島,1434.9737082287284
2026-06-13,阪神,1507.2524677023594
2026-06-13,DeNA,1441.0156665803001
2026-06-13,ヤクルト,1468.0249303981673
2026-06-13,中日,1410.3207224775679
2026-06-13,巨人,1551.574682838786
2026-06-13,広島,1434.9737082287284
2026-06-13,阪神,1507.2524677023594
2026-06-14,DeNA,1441.0156665803001
2026-06-14,ヤクルト,1468.0249303981673
2026-06-14,中日,1410.3207224775679
2026-06-14,巨人,1551.574682838786
2026-06-14,広島,1434.9737082287284
2026-06-14,阪神,1496.1374688064498
2026-06-14,DeNA,1441.0156665803001
2026-06-14,ヤクルト,1468.0249303981673
2026-06-14,中日,1410.3207224775679
2026-06-14,巨人,1551.574682838786
2026-06-14,広島,1446.3760751326292
2026-06-14,阪神,1496.1374688064498
2026-06-14,DeNA,1441.0156665803001
2026-06-14,ヤクルト,1468.0249303981673
2026-06-14,中日,1428.7632462227568
2026-06-14,巨人,1551.574682838786
2026-06-14,広島,1446.3760751326292
2026-06-14,阪神,1496.1374688064498
2026-06-14,DeNA,1441.0156665803001
2026-06-14,ヤクルト,1468.0249303981673
2026-06-14,中日,1428.7632462227568
2026-06-14,巨人,1542.978716011607
2026-06-14,広島,1446.3760751326292
2026-06-14,阪神,1496.1374688064498
2026-06-14,DeNA,1432.8732013522365
2026-06-14,ヤクルト,1468.0249303981673
2026-06-14,中日,1428.7632462227568
2026-06-14,巨人,1542.978716011607
2026-06-14,広島,1446.3760751326292
2026-06-14,阪神,1496.1374688064498
2026-06-14,DeNA,1432.8732013522365
2026-06-14,ヤクルト,1484.900932716209
2026-06-14,中日,1428.7632462227568
2026-06-14,巨人,1542.978716011607
2026-06-14,広島,1446.3760751326292
2026-06-14,阪神,1496.1374688064498
2026-06-16,DeNA,1432.8732013522365
2026-06-16,ヤクルト,1484.900932716209
2026-06-16,中日,1428.7632462227568
2026-06-16,巨人,1542.978716011607
2026-06-16,広島,1437.218156720337
2026-06-16,阪神,1496.1374688064498
2026-06-16,DeNA,1432.8732013522365
2026-06-16,ヤクルト,1484.900932716209
2026-06-16,中日,1428.7632462227568
2026-06-16,巨人,1542.978716011607
2026-06-16,広島,1437.218156720337
2026-06-16,阪神,1487.3510898856307
2026-06-17,DeNA,1432.8732013522365
2026-06-17,ヤクルト,1484.900932716209
2026-06-17,中日,1428.7632462227568
2026-06-17,巨人,1542.978716011607
2026-06-17,広島,1437.218156720337
2026-06-17,阪神,1494.438261242244
2026-06-19,DeNA,1432.8732013522365
2026-06-19,ヤクルト,1484.900932716209
2026-06-19,中日,1428.7632462227568
2026-06-19,巨人,1542.978716011607
2026-06-19,広島,1437.218156720337
2026-06-19,阪神,1494.438261242244
2026-06-19,DeNA,1421.7889421788873
2026-06-19,ヤクルト,1484.900932716209
2026-06-19,中日,1428.7632462227568
2026-06-19,巨人,1542.978716011607
2026-06-19,広島,1437.218156720337
2026-06-19,阪神,1505.5225204155931
2026-06-19,DeNA,1421.7889421788873
2026-06-19,ヤクルト,1484.900932716209
2026-06-19,中日,1428.7632462227568
2026-06-19,巨人,1542.978716011607
2026-06-19,広島,1437.218156720337
2026-06-19,阪神,1505.5225204155931
2026-06-19,DeNA,1421.7889421788873
2026-06-19,ヤクルト,1484.900932716209
2026-06-19,中日,1428.7632462227568
2026-06-19,巨人,1542.978716011607
2026-06-19,広島,1437.218156720337
2026-06-19,阪神,1505.5225204155931
2026-06-19,DeNA,1421.7889421788873
2026-06-19,ヤクルト,1484.900932716209
2026-06-19,中日,1445.6218523134844
2026-06-19,巨人,1526.1201099208795
2026-06-19,広島,1437.218156720337
2026-06-19,阪神,1505.5225204155931
2026-06-19,DeNA,1421.7889421788873
2026-06-19,ヤクルト,1494.0978884718231
2026-06-19,中日,1445.6218523134844
2026-06-19,巨人,1526.1201099208795
2026-06-19,広島,1428.0212009647228
2026-06-19,阪神,1505.5225204155931
2026-06-20,DeNA,1421.7889421788873
2026-06-20,ヤクルト,1494.0978884718231
2026-06-20,中日,1445.6218523134844
2026-06-20,巨人,1526.1201099208795
2026-06-20,広島,1428.0212009647228
2026-06-20,阪神,1505.5225204155931
2026-06-20,DeNA,1411.4611877248353
2026-06-20,ヤクルト,1494.0978884718231
2026-06-20,中日,1445.6218523134844
2026-06-20,巨人,1526.1201099208795
2026-06-20,広島,1428.0212009647228
2026-06-20,阪神,1515.850274869645
2026-06-20,DeNA,1411.4611877248353
2026-06-20,ヤクルト,1494.0978884718231
2026-06-20,中日,1445.6218523134844
2026-06-20,巨人,1526.1201099208795
2026-06-20,広島,1428.0212009647228
2026-06-20,阪神,1515.850274869645
2026-06-20,DeNA,1411.4611877248353
2026-06-20,ヤクルト,1494.0978884718231
2026-06-20,中日,1445.6218523134844
2026-06-20,巨人,1526.1201099208795
2026-06-20,広島,1428.0212009647228
2026-06-20,阪神,1515.850274869645
2026-06-20,DeNA,1411.4611877248353
2026-06-20,ヤクルト,1494.0978884718231
2026-06-20,中日,1437.4702904983521
2026-06-20,巨人,1534.2716717360117
2026-06-20,広島,1428.0212009647228
2026-06-20,阪神,1515.850274869645
2026-06-20,DeNA,1411.4611877248353
2026-06-20,ヤクルト,1478.7020890461554
2026-06-20,中日,1437.4702904983521
2026-06-20,巨人,1534.2716717360117
2026-06-20,広島,1443.4170003903905
2026-06-20,阪神,1515.850274869645
2026-06-21,DeNA,1411.4611877248353
2026-06-21,ヤクルト,1478.7020890461554
2026-06-21,中日,1437.4702904983521
2026-06-21,巨人,1534.2716717360117
2026-06-21,広島,1443.4170003903905
2026-06-21,阪神,1515.850274869645
2026-06-21,DeNA,1401.8264374535668
2026-06-21,ヤクルト,1478.7020890461554
2026-06-21,中日,1437.4702904983521
2026-06-21,巨人,1534.2716717360117
2026-06-21,広島,1443.4170003903905
2026-06-21,阪神,1525.4850251409136
2026-06-21,DeNA,1401.8264374535668
2026-06-21,ヤクルト,1478.7020890461554
2026-06-21,中日,1437.4702904983521
2026-06-21,巨人,1534.2716717360117
2026-06-21,広島,1443.4170003903905
2026-06-21,阪神,1525.4850251409136
2026-06-21,DeNA,1401.8264374535668
2026-06-21,ヤクルト,1478.7020890461554
2026-06-21,中日,1437.4702904983521
2026-06-21,巨人,1534.2716717360117
2026-06-21,広島,1443.4170003903905
2026-06-21,阪神,1525.4850251409136
2026-06-21,DeNA,1401.8264374535668
2026-06-21,ヤクルト,1478.7020890461554
2026-06-21,中日,1453.8160554265812
2026-06-21,巨人,1517.9259068077827
2026-06-21,広島,1443.4170003903905
2026-06-21,阪神,1525.4850251409136
2026-06-21,DeNA,1401.8264374535668
2026-06-21,ヤクルト,1464.307109983634
2026-06-21,中日,1453.8160554265812
2026-06-21,巨人,1517.9259068077827
2026-06-21,広島,1457.8119794529118
2026-06-21,阪神,1525.4850251409136
2026-06-22,DeNA,1401.8264374535668
2026-06-22,ヤクルト,1464.307109983634
2026-06-22,中日,1453.8160554265812
2026-06-22,巨人,1517.9259068077827
2026-06-22,広島,1457.8119794529118
2026-06-22,阪神,1525.4850251409136
2026-06-23,DeNA,1392.76970514421
2026-06-23,ヤクルト,1464.307109983634
2026-06-23,中日,1462.872787735938
2026-06-23,巨人,1517.9259068077827
2026-06-23,広島,1457.8119794529118
2026-06-23,阪神,1525.4850251409136
2026-06-23,DeNA,1392.76970514421
2026-06-23,ヤクルト,1464.307109983634
2026-06-23,中日,1462.872787735938
2026-06-23,巨人,1517.9259068077827
2026-06-23,広島,1457.8119794529118
2026-06-23,阪神,1525.4850251409136
2026-06-23,DeNA,1392.76970514421
2026-06-23,ヤクルト,1464.307109983634
2026-06-23,中日,1462.872787735938
2026-06-23,巨人,1517.9259068077827
2026-06-23,広島,1457.8119794529118
2026-06-23,阪神,1525.4850251409136
2026-06-23,DeNA,1392.76970514421
2026-06-23,ヤクルト,1464.307109983634
2026-06-23,中日,1462.872787735938
2026-06-23,巨人,1529.060010045425
2026-06-23,広島,1446.6778762152694
2026-06-23,阪神,1525.4850251409136
2026-06-23,DeNA,1392.76970514421
2026-06-23,ヤクルト,1479.546647943228
2026-06-23,中日,1462.872787735938
2026-06-23,巨人,1529.060010045425
2026-06-23,広島,1446.6778762152694
2026-06-23,阪神,1510.2454871813197
2026-06-23,DeNA,1392.76970514421
2026-06-23,ヤクルト,1479.546647943228
2026-06-23,中日,1462.872787735938
2026-06-23,巨人,1529.060010045425
2026-06-23,広島,1446.6778762152694
2026-06-23,阪神,1510.2454871813197
2026-06-24,DeNA,1408.293011066206
2026-06-24,ヤクルト,1479.546647943228
2026-06-24,中日,1447.349481813942
2026-06-24,巨人,1529.060010045425
2026-06-24,広島,1446.6778762152694
2026-06-24,阪神,1510.2454871813197
2026-06-24,DeNA,1408.293011066206
2026-06-24,ヤクルト,1479.546647943228
2026-06-24,中日,1447.349481813942
2026-06-24,巨人,1515.4335598805874
2026-06-24,広島,1460.304326380107
2026-06-24,阪神,1510.2454871813197
2026-06-24,DeNA,1408.293011066206
2026-06-24,ヤクルト,1469.789140342324
2026-06-24,中日,1447.349481813942
2026-06-24,巨人,1515.4335598805874
2026-06-24,広島,1460.304326380107
2026-06-24,阪神,1520.0029947822238
