date,game_id,home,away,home_score,away_score,home_elo_before,away_elo_before,home_expected_win_rate,home_elo_change,home_elo_after,away_elo_after
2026-03-27,NPB20260327BE05,オリックス,楽天,0,10,1500.0,1500.0,0.550199353253537,-13.204784478084887,1486.7952155219152,1513.2047844780848
2026-03-27,NPB20260327DBYS02,DeNA,ヤクルト,2,3,1500.0,1500.0,0.550199353253537,-13.204784478084887,1486.7952155219152,1513.2047844780848
2026-03-27,NPB20260327HCCD03,広島,中日,6,5,1500.0,1500.0,0.550199353253537,10.795215521915113,1510.7952155219152,1489.2047844780848
2026-03-27,NPB20260327ML04,ロッテ,西武,3,1,1500.0,1500.0,0.550199353253537,10.795215521915113,1510.7952155219152,1489.2047844780848
2026-03-27,NPB20260327SHF06,ソフトバンク,日本ハム,6,5,1500.0,1500.0,0.550199353253537,10.795215521915113,1510.7952155219152,1489.2047844780848
2026-03-27,NPB20260327YGHT01,巨人,阪神,3,1,1500.0,1500.0,0.550199353253537,10.795215521915113,1510.7952155219152,1489.2047844780848
2026-03-28,NPB20260328BE05,オリックス,楽天,6,0,1486.7952155219152,1513.2047844780848,0.5123601054089977,11.703357470184056,1498.4985729920993,1501.5014270079007
2026-03-28,NPB20260328DBYS02,DeNA,ヤクルト,2,5,1486.7952155219152,1513.2047844780848,0.5123601054089977,-12.296642529815944,1474.4985729920993,1525.5014270079007
2026-03-28,NPB20260328HCCD03,広島,中日,2,1,1510.7952155219152,1489.2047844780848,0.5807275355363725,10.062539147127062,1520.8577546690424,1479.1422453309576
2026-03-28,NPB20260328ML04,ロッテ,西武,11,0,1510.7952155219152,1489.2047844780848,0.5807275355363725,10.062539147127062,1520.8577546690424,1479.1422453309576
2026-03-28,NPB20260328SHF06,ソフトバンク,日本ハム,6,4,1510.7952155219152,1489.2047844780848,0.5807275355363725,10.062539147127062,1520.8577546690424,1479.1422453309576
2026-03-28,NPB20260328YGHT01,巨人,阪神,0,2,1510.7952155219152,1489.2047844780848,0.5807275355363725,-13.937460852872938,1496.8577546690424,1503.1422453309576
2026-03-29,NPB20260329BE05,オリックス,楽天,5,4,1498.4985729920993,1501.5014270079007,0.5459178501644395,10.897971596053452,1509.3965445881527,1490.6034554118473
2026-03-29,NPB20260329DBYS02,DeNA,ヤクルト,3,5,1474.4985729920993,1525.5014270079007,0.47698631414329434,-11.447671539439064,1463.0509014526601,1536.9490985473399
2026-03-29,NPB20260329HCCD03,広島,中日,1,0,1520.8577546690424,1479.1422453309576,0.6086425875562336,9.392577898650394,1530.2503325676928,1469.7496674323072
2026-03-29,NPB20260329ML04,ロッテ,西武,0,4,1520.8577546690424,1479.1422453309576,0.6086425875562336,-14.607422101349606,1506.2503325676928,1493.7496674323072
2026-03-29,NPB20260329SHF06,ソフトバンク,日本ハム,8,4,1520.8577546690424,1479.1422453309576,0.6086425875562336,9.392577898650394,1530.2503325676928,1469.7496674323072
2026-03-29,NPB20260329YGHT01,巨人,阪神,6,12,1496.8577546690424,1503.1422453309576,0.5412310993148914,-12.989546383557395,1483.868208285485,1516.131791714515
2026-03-31,NPB20260331CDYG02,中日,巨人,2,5,1469.7496674323072,1483.868208285485,0.5300147042315055,-12.720352901556133,1457.029314530751,1496.5885611870413
2026-03-31,NPB20260331ESH05,楽天,ソフトバンク,2,4,1490.6034554118473,1530.2503325676928,0.4933130049369731,-11.839512118487354,1478.76394329336,1542.0898446861802
2026-03-31,NPB20260331FM04,日本ハム,ロッテ,9,0,1469.7496674323072,1506.2503325676928,0.49784038269849085,12.051830815236219,1481.8014982475433,1494.1985017524567
2026-03-31,NPB20260331HTDB03,阪神,DeNA,4,1,1516.131791714515,1463.0509014526601,0.6241110028412749,9.021335931809404,1525.1531276463243,1454.0295655208506
2026-03-31,NPB20260331LB06,西武,オリックス,5,3,1493.7496674323072,1509.3965445881527,0.5278226125703513,11.332257298311568,1505.0819247306188,1498.064287289841
2026-03-31,NPB20260331YSHC01,ヤクルト,広島,8,3,1536.9490985473399,1530.2503325676928,0.5597228640040754,10.56665126390219,1547.5157498112421,1519.6836813037905
2026-04-01,NPB20260401CDYG01,中日,巨人,5,6,1457.029314530751,1496.5885611870413,0.4934390932292837,-11.842538237502808,1445.1867762932482,1508.431099424544
2026-04-01,NPB20260401ESH04,楽天,ソフトバンク,1,6,1478.76394329336,1542.0898446861802,0.459325830150013,-11.023819923600312,1467.7401233697597,1553.1136646097805
2026-04-01,NPB20260401FM03,日本ハム,ロッテ,2,4,1481.8014982475433,1494.1985017524567,0.5324825136809879,-12.779580328343709,1469.0219179191997,1506.9780820808003
2026-04-01,NPB20260401HTDB02,阪神,DeNA,1,4,1525.1531276463243,1454.0295655208506,0.6481452400426674,-15.555485761024016,1509.5976418853002,1469.5850512818747
2026-04-01,NPB20260401LB05,西武,オリックス,0,4,1505.0819247306188,1498.064287289841,0.5601751600597901,-13.444203841434962,1491.6377208891838,1511.508491131276
2026-04-02,NPB20260402CDYG02,中日,巨人,2,1,1445.1867762932482,1508.431099424544,0.4594424560267399,12.973381055358244,1458.1601573486064,1495.4577183691858
2026-04-02,NPB20260402ESH05,楽天,ソフトバンク,5,4,1467.7401233697597,1553.1136646097805,0.42801037605509684,13.727750974677676,1481.4678743444374,1539.3859136351027
2026-04-02,NPB20260402FM04,日本ハム,ロッテ,7,1,1469.0219179191997,1506.9780820808003,0.49574584045260683,12.102099829137437,1481.124017748337,1494.875982251663
2026-04-02,NPB20260402HTDB03,阪神,DeNA,4,3,1509.5976418853002,1469.5850512818747,0.6063051242031385,9.448677019124675,1519.0463189044249,1460.13637426275
2026-04-02,NPB20260402LB06,西武,オリックス,3,7,1491.6377208891838,1511.508491131276,0.5217589604144118,-12.522215049945885,1479.1155058392378,1524.0307061812218
2026-04-02,NPB20260402YSHC01,ヤクルト,広島,2,1,1547.5157498112421,1519.6836813037905,0.5894495852588801,9.853209953786877,1557.368959765029,1509.8304713500036
2026-04-03,NPB20260403FB04,日本ハム,オリックス,12,3,1481.124017748337,1524.0307061812218,0.48862332457650615,12.273040210163852,1493.397057958501,1511.757665971058
2026-04-03,NPB20260403HCHT03,広島,阪神,2,4,1509.8304713500036,1519.0463189044249,0.5370384063627097,-12.888921752705034,1496.9415495972985,1531.93524065713
2026-04-03,NPB20260403LE05,西武,楽天,3,6,1479.1155058392378,1481.4678743444374,0.5468459183308466,-13.124302039940318,1465.9912037992974,1494.5921763843778
2026-04-03,NPB20260403MSH06,ロッテ,ソフトバンク,3,2,1494.875982251663,1539.3859136351027,0.4863175254661,12.328379388813598,1507.2043616404765,1527.0575342462892
2026-04-03,NPB20260403YGDB01,巨人,DeNA,1,3,1495.4577183691858,1460.13637426275,0.5998408907076003,-14.396181376982407,1481.0615369922034,1474.5325556397324
2026-04-03,NPB20260403YSCD02,ヤクルト,中日,0,1,1557.368959765029,1458.1601573486064,0.6840761351269252,-16.417827243046204,1540.9511325219828,1474.5779845916527
2026-04-04,NPB20260404FB04,日本ハム,オリックス,6,3,1493.397057958501,1511.757665971058,0.5239277188612874,11.425734747329102,1504.8227927058301,1500.331931223729
2026-04-04,NPB20260404HCHT03,広島,阪神,5,7,1496.9415495972985,1531.93524065713,0.5000090792947395,-12.000217903073747,1484.9413316942248,1543.9354585602036
2026-04-04,NPB20260404LE05,西武,楽天,1,2,1465.9912037992974,1494.5921763843778,0.509207899570227,-12.220989589685448,1453.770214209612,1506.8131659740632
2026-04-04,NPB20260404MSH06,ロッテ,ソフトバンク,2,5,1507.2043616404765,1527.0575342462892,0.5217842374322418,-12.522821698373804,1494.6815399421027,1539.5803559446629
2026-04-04,NPB20260404YGDB01,巨人,DeNA,8,4,1481.0615369922034,1474.5325556397324,0.5594819963075881,10.572432088617886,1491.6339690808213,1463.9601235511145
2026-04-04,NPB20260404YSCD02,ヤクルト,中日,11,6,1540.9511325219828,1474.5779845916527,0.6418840235368936,8.594783435114554,1549.5459159570973,1465.9832011565381
2026-04-05,NPB20260405FB04,日本ハム,オリックス,8,2,1504.8227927058301,1500.331931223729,0.5565884302721065,10.641877673469445,1515.4646703792996,1489.6900535502596
2026-04-05,NPB20260405HCHT03,広島,阪神,2,1,1484.9413316942248,1543.9354585602036,0.46552446719915863,12.827412787220194,1497.768744481445,1531.1080457729834
2026-04-05,NPB20260405LE05,西武,楽天,1,1,1453.770214209612,1506.8131659740632,0.4740574225595748,0.6226218585702052,1454.3928360681823,1506.190544115493
2026-04-05,NPB20260405MSH06,ロッテ,ソフトバンク,3,4,1494.6815399421027,1539.5803559446629,0.4857583119623271,-11.65819948709585,1483.023340455007,1551.2385554317586
2026-04-05,NPB20260405YGDB01,巨人,DeNA,3,2,1491.6339690808213,1463.9601235511145,0.5892291537027571,9.858500311133831,1501.4924693919552,1454.1016232399807
2026-04-05,NPB20260405YSCD02,ヤクルト,中日,7,5,1549.5459159570973,1465.9832011565381,0.6642968552864188,8.056875473125949,1557.6027914302233,1457.9263256834122
2026-04-07,NPB20260407BM05,オリックス,ロッテ,3,1,1489.6900535502596,1483.023340455007,0.5596773938129733,10.56774254848864,1500.2577960987483,1472.4555979065183
2026-04-07,NPB20260407DBCD01,DeNA,中日,5,3,1454.1016232399807,1457.9263256834122,0.5447448375172279,10.92612389958653,1465.0277471395673,1447.0002017838256
2026-04-07,NPB20260407EF04,楽天,日本ハム,3,0,1506.190544115493,1515.4646703792996,0.5369549957473961,11.113080102062494,1517.3036242175554,1504.3515902772372
2026-04-07,NPB20260407HCYG03,広島,巨人,5,2,1497.768744481445,1501.4924693919552,0.5448889883474567,10.922664279661038,1508.6914087611062,1490.569805112294
2026-04-07,NPB20260407HTYS02,阪神,ヤクルト,9,3,1531.1080457729834,1557.6027914302233,0.5122376004494145,11.706297589214053,1542.8143433621974,1545.8964938410093
2026-04-07,NPB20260407SHL06,ソフトバンク,西武,6,8,1551.2385554317586,1454.3928360681823,0.6811289753951245,-16.34709540948299,1534.8914600222756,1470.7399314776653
2026-04-08,NPB20260408BM05,オリックス,ロッテ,9,1,1500.2577960987483,1472.4555979065183,0.5894079735699284,9.854208634321719,1510.11200473307,1462.6013892721965
2026-04-08,NPB20260408DBCD01,DeNA,中日,4,6,1465.0277471395673,1447.0002017838256,0.5757256845298131,-13.817416428715514,1451.2103307108518,1460.817618212541
2026-04-08,NPB20260408EF04,楽天,日本ハム,0,1,1517.3036242175554,1504.3515902772372,0.5685736628455789,-13.645767908293893,1503.6578563092614,1517.997358185531
2026-04-08,NPB20260408HCYG03,広島,巨人,1,2,1508.6914087611062,1490.569805112294,0.5758579350289786,-13.820590440695486,1494.8708183204108,1504.3903955529895
2026-04-08,NPB20260408HTYS02,阪神,ヤクルト,2,3,1542.8143433621974,1545.8964938410093,0.5458046934487624,-13.099312642770297,1529.7150307194272,1558.9958064837795
2026-04-08,NPB20260408SHL06,ソフトバンク,西武,1,2,1534.8914600222756,1470.7399314776653,0.6389390022842356,-15.334536054821655,1519.556923967454,1486.074467532487
2026-04-09,NPB20260409BM03,オリックス,ロッテ,2,1,1510.11200473307,1462.6013892721965,0.6165592426048504,9.202578177483591,1519.3145829105538,1453.3988110947128
2026-04-09,NPB20260409EF02,楽天,日本ハム,2,4,1503.6578563092614,1517.997358185531,0.52969784958484,-12.712748390036161,1490.9451079192252,1530.7101065755674
2026-04-09,NPB20260409HTYS01,阪神,ヤクルト,2,0,1529.7150307194272,1558.9958064837795,0.5082298819482645,11.802482833241653,1541.5175135526688,1547.1933236505379
2026-04-09,NPB20260409SHL04,ソフトバンク,西武,2,0,1519.556923967454,1486.074467532487,0.597297372517962,9.664863059568912,1529.2217870270229,1476.409604472918
2026-04-10,NPB20260410CDHT02,中日,阪神,3,5,1460.817618212541,1541.5175135526688,0.43460924731856515,-10.430621935645563,1450.3869962768954,1551.9481354883144
2026-04-10,NPB20260410LM03,西武,ロッテ,3,6,1476.409604472918,1453.3988110947128,0.5827169928504992,-13.98520782841198,1462.424396644506,1467.3840189231248
2026-04-10,NPB20260410YGYS01,巨人,ヤクルト,3,2,1504.3903955529895,1547.1933236505379,0.48877257140528174,12.269458286273238,1516.6598538392627,1534.9238653642647
2026-04-11,NPB20260411CDHT03,中日,阪神,3,9,1450.3869962768954,1551.9481354883144,0.4053657614165296,-9.72877827399671,1440.6582180028986,1561.6769137623112
2026-04-11,NPB20260411DBHC02,DeNA,広島,4,3,1451.2103307108518,1494.8708183204108,0.48753913720182457,12.299060707156212,1463.5093914180081,1482.5717576132545
2026-04-11,NPB20260411EB05,楽天,オリックス,11,4,1490.9451079192252,1519.3145829105538,0.5095409342665487,11.771017577602832,1502.716125496828,1507.543565332951
2026-04-11,NPB20260411FSH04,日本ハム,ソフトバンク,3,6,1530.7101065755674,1529.2217870270229,0.5523187030266844,-13.255648872640425,1517.454457702927,1542.4774358996633
2026-04-11,NPB20260411LM06,西武,ロッテ,5,2,1462.424396644506,1467.3840189231248,0.5431241685582063,10.965019954603047,1473.3894165991092,1456.4189989685217
2026-04-11,NPB20260411YGYS01,巨人,ヤクルト,2,3,1516.6598538392627,1534.9238653642647,0.5240664121717307,-12.577593892121536,1504.0822599471412,1547.5014592563862
2026-04-12,NPB20260412CDHT03,中日,阪神,0,3,1440.6582180028986,1561.6769137623112,0.37867795527052767,-9.088270926492664,1431.569947076406,1570.7651846888039
2026-04-12,NPB20260412DBHC02,DeNA,広島,6,5,1463.5093914180081,1482.5717576132545,0.5229200244629546,11.44991941288909,1474.9593108308973,1471.1218382003653
2026-04-12,NPB20260412EB05,楽天,オリックス,4,0,1502.716125496828,1507.543565332951,0.5433129731325769,10.960488644818156,1513.676614141646,1496.5830766881327
2026-04-12,NPB20260412FSH04,日本ハム,ソフトバンク,7,11,1517.454457702927,1542.4774358996633,0.5143541431992326,-12.344499436781582,1505.1099582661452,1554.821935336445
2026-04-12,NPB20260412LM06,西武,ロッテ,2,1,1473.3894165991092,1456.4189989685217,0.574238570258528,10.218274313795328,1483.6076909129044,1446.2007246547264
2026-04-12,NPB20260412YGYS01,巨人,ヤクルト,0,2,1504.0822599471412,1547.5014592563862,0.48788616926027367,-11.709268062246569,1492.3729918848946,1559.2107273186327
2026-04-14,NPB20260414BL05,オリックス,西武,5,1,1496.5830766881327,1483.6076909129044,0.5686066364252579,10.35344072579381,1506.9365174139266,1473.2542501871105
2026-04-14,NPB20260414CDHC02,中日,広島,6,2,1431.569947076406,1471.1218382003653,0.49344967687153135,12.157207755083249,1443.727154831489,1458.9646304452822
2026-04-14,NPB20260414HTYG03,阪神,巨人,3,4,1570.7651846888039,1492.3729918848946,0.6576271838954962,-15.783052413491909,1554.9821322753119,1508.1560442983866
2026-04-14,NPB20260414MF04,ロッテ,日本ハム,1,5,1446.2007246547264,1505.1099582661452,0.4656460596268897,-11.175505431045353,1435.025219223681,1516.2854636971906
2026-04-14,NPB20260414SHE06,ソフトバンク,楽天,2,3,1554.821935336445,1513.676614141646,0.6078604839559287,-14.58865161494229,1540.2332837215026,1528.2652657565884
2026-04-14,NPB20260414YSDB01,ヤクルト,DeNA,5,3,1559.2107273186327,1474.9593108308973,0.6651803848688924,8.035670763146582,1567.2463980817793,1466.9236400677507
2026-04-15,NPB20260415BL03,オリックス,西武,3,1,1506.9365174139266,1473.2542501871105,0.597574003652565,9.65822391233844,1516.594741326265,1463.5960262747722
2026-04-15,NPB20260415CDHC01,中日,広島,2,5,1443.727154831489,1458.9646304452822,0.5284099256485817,-12.68183821556596,1431.0453166159232,1471.646468660848
2026-04-15,NPB20260415MF02,ロッテ,日本ハム,9,7,1435.025219223681,1516.2854636971906,0.43381680055729266,13.588396786624976,1448.613616010306,1502.6970669105656
2026-04-15,NPB20260415SHE04,ソフトバンク,楽天,2,3,1540.2332837215026,1528.2652657565884,0.5671836500307667,-13.6124076007384,1526.6208761207643,1541.8776733573268
2026-04-16,NPB20260416BL04,オリックス,西武,7,1,1516.594741326265,1463.5960262747722,0.6240000231623067,9.02399944410464,1525.6187407703696,1454.5720268306675
2026-04-16,NPB20260416HTYG02,阪神,巨人,3,4,1554.9821322753119,1508.1560442983866,0.6156272367788292,-14.775053682691901,1540.20707859262,1522.9310979810784
2026-04-16,NPB20260416MF03,ロッテ,日本ハム,5,3,1448.613616010306,1502.6970669105656,0.47256429151063173,12.65845700374484,1461.2720730140509,1490.0386099068207
2026-04-16,NPB20260416SHE05,ソフトバンク,楽天,6,0,1526.6208761207643,1541.8776733573268,0.5283822092823877,11.318826977222695,1537.939703097987,1530.5588463801041
2026-04-16,NPB20260416YSDB01,ヤクルト,DeNA,2,0,1567.2463980817793,1466.9236400677507,0.6854603280845006,7.548952125971985,1574.7953502077512,1459.3746879417788
2026-04-17,NPB20260417EM05,楽天,ロッテ,1,0,1530.5588463801041,1461.2720730140509,0.6457301827576565,8.502475613816245,1539.0613219939203,1452.7695974002347
2026-04-17,NPB20260417FL04,日本ハム,西武,3,5,1490.0386099068207,1454.5720268306675,0.6000415555816228,-14.400997333958946,1475.6376125728618,1468.9730241646264
2026-04-17,NPB20260417HCDB03,広島,DeNA,1,5,1471.646468660848,1459.3746879417788,0.5676128566916112,-13.622708560598669,1458.0237601002493,1472.9973965023776
2026-04-17,NPB20260417HTCD02,阪神,中日,2,1,1540.20707859262,1431.0453166159232,0.696325709538897,7.288182971066471,1547.4952615636864,1423.7571336448568
2026-04-17,NPB20260417SHB06,ソフトバンク,オリックス,4,13,1537.939703097987,1525.6187407703696,0.567682339138801,-13.624376139331222,1524.3153269586558,1539.2431169097008
2026-04-17,NPB20260417YSYG01,ヤクルト,巨人,2,8,1574.7953502077512,1522.9310979810784,0.6224665765100359,-14.939197836240862,1559.8561523715102,1537.8702958173194
2026-04-18,NPB20260418EM05,楽天,ロッテ,9,1,1539.0613219939203,1452.7695974002347,0.6677910734262021,7.973014237771149,1547.0343362316914,1444.7965831624635
2026-04-18,NPB20260418FL04,日本ハム,西武,5,3,1475.6376125728618,1468.9730241646264,0.5596743796986089,10.567814887233386,1486.2054274600953,1458.405209277393
2026-04-18,NPB20260418HCDB03,広島,DeNA,2,7,1458.0237601002493,1472.9973965023776,0.5287883785494343,-12.690921085186423,1445.332839015063,1485.688317587564
2026-04-18,NPB20260418HTCD02,阪神,中日,4,3,1547.4952615636864,1423.7571336448568,0.7137710254799527,6.869495388481134,1554.3647569521675,1416.8876382563758
2026-04-18,NPB20260418SHB06,ソフトバンク,オリックス,7,0,1524.3153269586558,1539.2431169097008,0.5288541376725149,11.307500695859643,1535.6228276545155,1527.935616213841
2026-04-18,NPB20260418YSYG01,ヤクルト,巨人,4,3,1559.8561523715102,1537.8702958173194,0.581281662338619,10.049240103873144,1569.9053924753835,1527.8210557134462
2026-04-19,NPB20260419EM05,楽天,ロッテ,5,8,1547.0343362316914,1444.7965831624635,0.6878321918287567,-16.50797260389016,1530.5263636278012,1461.3045557663538
2026-04-19,NPB20260419FL04,日本ハム,西武,3,15,1486.2054274600953,1458.405209277393,0.5894052152163327,-14.145725165191985,1472.0597022949032,1472.550934442585
2026-04-19,NPB20260419HCDB03,広島,DeNA,0,2,1445.332839015063,1485.688317587564,0.4922934571463832,-11.815042971513197,1433.5177960435499,1497.503360559077
2026-04-19,NPB20260419HTCD02,阪神,中日,7,5,1554.3647569521675,1416.8876382563758,0.7296520820229554,6.4883500314490705,1560.8531069836165,1410.3992882249267
2026-04-19,NPB20260419SHB06,ソフトバンク,オリックス,1,2,1535.6228276545155,1527.935616213841,0.5611245762289407,-13.466989829494578,1522.1558378250209,1541.4026060433357
2026-04-19,NPB20260419YSYG01,ヤクルト,巨人,3,1,1569.9053924753835,1527.8210557134462,0.6091481961840983,9.38044329158164,1579.2858357669652,1518.4406124218644
2026-04-21,NPB20260421DBHT02,DeNA,阪神,16,9,1497.503360559077,1560.8531069836165,0.45929174166760595,12.976998199977459,1510.4803587590545,1547.876108783639
2026-04-21,NPB20260421FE04,日本ハム,楽天,3,1,1472.0597022949032,1530.5263636278012,0.46628002075614455,12.80927950185253,1484.8689817967556,1517.7170841259485
2026-04-21,NPB20260421HCYS03,広島,ヤクルト,2,1,1433.5177960435499,1579.2858357669652,0.345782004059375,15.701231902575,1449.219027946125,1563.5846038643901
2026-04-21,NPB20260421LSH05,西武,ソフトバンク,6,4,1472.550934442585,1522.1558378250209,0.47899422578400574,12.504138581183863,1485.055073023769,1509.651699243837
2026-04-21,NPB20260421MB06,ロッテ,オリックス,7,4,1461.3045557663538,1541.4026060433357,0.43546075001575524,13.548941999621874,1474.8534977659756,1527.853664043714
2026-04-21,NPB20260421YGCD01,巨人,中日,2,1,1518.4406124218644,1410.3992882249267,0.6949601436326499,7.320956552816402,1525.7615689746808,1403.0783316721104
2026-04-22,NPB20260422DBHT02,DeNA,阪神,7,6,1510.4803587590545,1547.876108783639,0.49655229321073396,12.082744962942384,1522.5631037219969,1535.7933638206966
2026-04-22,NPB20260422FE04,日本ハム,楽天,5,4,1484.8689817967556,1517.7170841259485,0.5030967900875473,11.925677037898865,1496.7946588346545,1505.7914070880497
2026-04-22,NPB20260422HCYS03,広島,ヤクルト,0,2,1449.219027946125,1563.5846038643901,0.38772980072485624,-9.30551521739655,1439.9135127287284,1572.8901190817867
2026-04-22,NPB20260422LSH05,西武,ソフトバンク,3,1,1485.055073023769,1509.651699243837,0.5149671854275518,11.640787549738757,1496.6958605735076,1498.0109116940982
2026-04-22,NPB20260422MB06,ロッテ,オリックス,1,4,1474.8534977659756,1527.853664043714,0.474118830457071,-11.378851930969704,1463.474645835006,1539.2325159746836
2026-04-22,NPB20260422YGCD01,巨人,中日,5,1,1525.7615689746808,1403.0783316721104,0.7125288057348613,6.899308662363328,1532.6608776370442,1396.179023009747
2026-04-23,NPB20260423FE02,日本ハム,楽天,2,3,1496.7946588346545,1505.7914070880497,0.5373519706937172,-12.896447296649214,1483.8982115380052,1518.687854384699
2026-04-23,NPB20260423HCYS01,広島,ヤクルト,0,2,1439.9135127287284,1572.8901190817867,0.362622747383856,-8.702945937212544,1431.210566791516,1581.5930650189991
2026-04-23,NPB20260423LSH03,西武,ソフトバンク,3,4,1496.6958605735076,1498.0109116940982,0.5483252156373032,-13.159805175295276,1483.5360553982123,1511.1707168693936
2026-04-24,NPB20260424BF03,オリックス,日本ハム,3,2,1539.2325159746836,1483.8982115380052,0.6271491826306926,8.948419616863376,1548.180935591547,1474.9497919211417
2026-04-24,NPB20260424CDYS02,中日,ヤクルト,6,4,1396.179023009747,1581.5930650189991,0.29611797450266175,16.89316861193612,1413.072191621683,1564.699896407063
2026-04-24,NPB20260424DBYG01,DeNA,巨人,2,1,1522.5631037219969,1532.6608776370442,0.535775942171663,11.141377387880087,1533.704481109877,1521.5195002491641
2026-04-25,NPB20260425BF05,オリックス,日本ハム,4,2,1548.180935591547,1474.9497919211417,0.6509070301123748,8.378231277303005,1556.55916686885,1466.5715606438387
2026-04-25,NPB20260425CDYS02,中日,ヤクルト,5,2,1413.072191621683,1564.699896407063,0.33819170141405347,15.883399166062718,1428.9555907877457,1548.8164972410004
2026-04-25,NPB20260425DBYG01,DeNA,巨人,2,7,1533.704481109877,1521.5195002491641,0.5674902217092467,-13.61976532102192,1520.084715788855,1535.1392655701861
2026-04-25,NPB20260425EL04,楽天,西武,7,9,1518.687854384699,1483.5360553982123,0.5996066016241642,-14.39055843897994,1504.297295945719,1497.9266138371922
2026-04-25,NPB20260425HTHC03,阪神,広島,2,2,1535.7933638206966,1431.210566791516,0.6907233438433356,-4.577360252240053,1531.2160035684567,1435.7879270437559
2026-04-25,NPB20260425SHM06,ソフトバンク,ロッテ,0,5,1511.1707168693936,1463.474645835006,0.6168115991622163,-14.80347837989319,1496.3672384895003,1478.2781242148992
2026-04-26,NPB20260426BF05,オリックス,日本ハム,9,4,1556.55916686885,1466.5715606438387,0.672493930241949,7.860145674193223,1564.4193125430434,1458.7114149696454
2026-04-26,NPB20260426CDYS02,中日,ヤクルト,3,0,1428.9555907877457,1548.8164972410004,0.380247312144859,14.874064508523382,1443.829655296269,1533.942432732477
2026-04-26,NPB20260426DBYG01,DeNA,巨人,1,4,1520.084715788855,1535.1392655701861,0.5286723193028885,-12.688135663269325,1507.3965801255856,1547.8274012334555
2026-04-26,NPB20260426EL04,楽天,西武,0,3,1504.297295945719,1497.9266138371922,0.5592573973032088,-13.422177535277012,1490.875118410442,1511.3487913724693
2026-04-26,NPB20260426HTHC03,阪神,広島,1,0,1531.2160035684567,1435.7879270437559,0.6793539403153444,7.695505432431736,1538.9115090008884,1428.0924216113242
2026-04-28,NPB20260428BSH06,オリックス,ソフトバンク,1,7,1564.4193125430434,1496.3672384895003,0.6441025726468603,-15.458461743524648,1548.9608507995188,1511.825700233025
2026-04-28,NPB20260428CDDB03,中日,DeNA,3,0,1443.829655296269,1507.3965801255856,0.4589812844098313,12.984449174164048,1456.814104470433,1494.4121309514217
2026-04-28,NPB20260428LF04,西武,日本ハム,1,2,1511.3487913724693,1458.7114149696454,0.6235118719072575,-14.96428492577418,1496.3845064466952,1473.6756998954195
2026-04-28,NPB20260428ME05,ロッテ,楽天,3,1,1478.2781242148992,1490.875118410442,0.5321959079436093,11.227298209353378,1489.5054224242526,1479.6478202010885
2026-04-28,NPB20260428YGHC01,巨人,広島,1,11,1547.8274012334555,1428.0924216113242,0.709040000382739,-17.016960009185734,1530.8104412242697,1445.10938162051
2026-04-28,NPB20260428YSHT02,ヤクルト,阪神,10,5,1533.942432732477,1538.9115090008884,0.543110664348945,10.965344055625321,1544.9077767881024,1527.946164945263
2026-04-29,NPB20260429BSH06,オリックス,ソフトバンク,5,4,1548.9608507995188,1511.825700233025,0.6023444563433793,9.543733047758897,1558.5045838472777,1502.281967185266
2026-04-29,NPB20260429CDDB03,中日,DeNA,2,4,1456.814104470433,1494.4121309514217,0.4962612090322574,-11.910269016774178,1444.9038354536588,1506.322399968196
2026-04-29,NPB20260429LF04,西武,日本ハム,3,0,1496.3845064466952,1473.6756998954195,0.5822942323315553,10.024938424042674,1506.4094448707378,1463.6507614713769
2026-04-29,NPB20260429ME05,ロッテ,楽天,5,3,1489.5054224242526,1479.6478202010885,0.5641989524125635,10.459225142098477,1499.964647566351,1469.1885950589901
2026-04-29,NPB20260429YGHC01,巨人,広島,4,2,1530.8104412242697,1445.10938162051,0.6670363353551781,7.9911279514757245,1538.8015691757453,1437.1182536690344
2026-04-29,NPB20260429YSHT02,ヤクルト,阪神,0,2,1544.9077767881024,1527.946164945263,0.5742261770367918,-13.781428248883003,1531.1263485392194,1541.727593194146
2026-04-30,NPB20260430CDDB03,中日,DeNA,2,6,1444.9038354536588,1506.322399968196,0.46205373501878216,-11.089289640450772,1433.814545813208,1517.4116896086466
2026-04-30,NPB20260430LF04,西武,日本ハム,2,3,1506.4094448707378,1463.6507614713769,0.6100720206536179,-14.641728495686829,1491.7677163750511,1478.2924899670636
2026-04-30,NPB20260430YGHC01,巨人,広島,2,3,1538.8015691757453,1437.1182536690344,0.687146484141845,-16.49151561940428,1522.310053556341,1453.6097692884387
2026-04-30,NPB20260430YSHT02,ヤクルト,阪神,2,10,1531.1263485392194,1541.727593194146,0.5350550247612963,-12.84132059427111,1518.2850279449483,1554.5689137884171
2026-05-01,NPB20260501FB04,日本ハム,オリックス,5,1,1478.2924899670636,1558.5045838472777,0.4352993693992934,13.552815134416957,1491.8453051014806,1544.9517687128607
2026-05-01,NPB20260501HCCD03,広島,中日,7,3,1453.6097692884387,1433.814545813208,0.5782092920586853,10.122976990591553,1463.7327462790302,1423.6915688226165
2026-05-01,NPB20260501HTYG02,阪神,巨人,3,5,1554.5689137884171,1522.310053556341,0.5956020012352431,-14.294448029645835,1540.2744657587714,1536.6045015859868
2026-05-01,NPB20260501ML05,ロッテ,西武,0,10,1499.964647566351,1491.7677163750511,0.5618470290911942,-13.484328698188662,1486.4803188681624,1505.2520450732397
2026-05-01,NPB20260501SHE06,ソフトバンク,楽天,4,1,1502.281967185266,1469.1885950589901,0.5967585211963001,9.677795491288798,1511.9597626765549,1459.5107995677013
2026-05-01,NPB20260501YSDB01,ヤクルト,DeNA,16,5,1518.2850279449483,1517.4116896086466,0.5514432028504792,10.765363131588499,1529.0503910765367,1506.6463264770582
2026-05-02,NPB20260502FB04,日本ハム,オリックス,9,10,1491.8453051014806,1544.9517687128607,0.4739662685877217,-11.37519044610532,1480.4701146553753,1556.326959158966
2026-05-02,NPB20260502HCCD03,広島,中日,0,4,1463.7327462790302,1423.6915688226165,0.6063444036576805,-14.552265687784331,1449.180480591246,1438.2438345104008
2026-05-02,NPB20260502HTYG02,阪神,巨人,7,5,1540.2744657587714,1536.6045015859868,0.5554218864308565,10.669874725659444,1550.9443404844308,1525.9346268603274
2026-05-02,NPB20260502ML05,ロッテ,西武,4,5,1486.4803188681624,1505.2520450732397,0.523337394025361,-12.560097456608663,1473.9202214115537,1517.8121425298484
2026-05-02,NPB20260502SHE06,ソフトバンク,楽天,5,0,1511.9597626765549,1459.5107995677013,0.6232572349757445,9.041826360582132,1521.001589037137,1450.4689732071192
2026-05-02,NPB20260502YSDB01,ヤクルト,DeNA,6,5,1529.0503910765367,1506.6463264770582,0.5818674921948707,10.035180187323103,1539.0855712638597,1496.6111462897352
2026-05-03,NPB20260503FB03,日本ハム,オリックス,3,0,1480.4701146553753,1556.326959158966,0.4414718152946863,13.404676432927527,1493.8747910883028,1542.9222827260385
2026-05-03,NPB20260503HTYG02,阪神,巨人,3,0,1550.9443404844308,1525.9346268603274,0.5855122488875705,9.94770602669831,1560.8920465111291,1515.986920833629
2026-05-03,NPB20260503ML04,ロッテ,西武,10,0,1473.9202214115537,1517.8121425298484,0.48720629004535865,12.307049038911392,1486.227270450465,1505.505093490937
2026-05-03,NPB20260503SHE05,ソフトバンク,楽天,0,7,1521.001589037137,1450.4689732071192,0.6473690680292363,-15.536857632701672,1505.4647314044353,1466.0058308398209
2026-05-03,NPB20260503YSDB01,ヤクルト,DeNA,2,12,1539.0855712638597,1496.6111462897352,0.609682695303923,-14.632384687294152,1524.4531865765655,1511.2435309770294
2026-05-04,NPB20260504BM06,オリックス,ロッテ,3,0,1542.9222827260385,1486.227270450465,0.6289789336971034,8.904505591269517,1551.826788317308,1477.3227648591956
2026-05-04,NPB20260504CDHT03,中日,阪神,7,3,1438.2438345104008,1560.8920465111291,0.37647348606433834,14.964636334455879,1453.2084708448567,1545.9274101766732
2026-05-04,NPB20260504DBHC02,DeNA,広島,11,8,1511.2435309770294,1449.180480591246,0.6361609116715752,8.732138119882196,1519.9756690969116,1440.4483424713637
2026-05-04,NPB20260504EF04,楽天,日本ハム,3,1,1466.0058308398209,1493.8747910883028,0.5102609503183168,11.753737192360397,1477.7595680321813,1482.1210538959424
2026-05-04,NPB20260504LSH05,西武,ソフトバンク,10,2,1505.505093490937,1505.4647314044353,0.550256852796142,10.793835532892592,1516.2989290238297,1494.6708958715426
2026-05-04,NPB20260504YGYS01,巨人,ヤクルト,1,5,1515.986920833629,1524.4531865765655,0.538111048788773,-12.914665170930553,1503.0722556626986,1537.367851747496
2026-05-05,NPB20260505BM06,オリックス,ロッテ,6,1,1551.826788317308,1477.3227648591956,0.652570141207663,8.338316611016088,1560.1651049283241,1468.9844482481794
2026-05-05,NPB20260505CDHT03,中日,阪神,7,3,1453.2084708448567,1545.9274101766732,0.41769158051683936,13.975402067595857,1467.1838729124527,1531.9520081090773
2026-05-05,NPB20260505DBHC02,DeNA,広島,5,5,1519.9756690969116,1440.4483424713637,0.6590968990080567,-3.8183255761933603,1516.1573435207183,1444.266668047557
2026-05-05,NPB20260505EF04,楽天,日本ハム,3,2,1477.7595680321813,1482.1210538959424,0.5439784251618892,10.94451779611466,1488.704085828296,1471.1765360998277
2026-05-05,NPB20260505LSH05,西武,ソフトバンク,4,6,1516.2989290238297,1494.6708958715426,0.5807802377752016,-13.938725706604838,1502.360203317225,1508.6096215781474
2026-05-05,NPB20260505YGYS01,巨人,ヤクルト,3,2,1503.0722556626986,1537.367851747496,0.501013717332658,11.97567078401621,1515.0479264467149,1525.3921809634796
2026-05-06,NPB20260506BM06,オリックス,ロッテ,3,0,1560.1651049283241,1468.9844482481794,0.6740047280459892,7.823886526896259,1567.9889914552205,1461.160561721283
2026-05-06,NPB20260506CDHT03,中日,阪神,0,2,1467.1838729124527,1531.9520081090773,0.4572647317052701,-10.974353560926483,1456.2095193515263,1542.9263616700036
2026-05-06,NPB20260506DBHC02,DeNA,広島,0,10,1516.1573435207183,1444.266668047557,0.6491516299680834,-15.579639119234002,1500.5777044014844,1459.8463071667911
2026-05-06,NPB20260506EF04,楽天,日本ハム,2,12,1488.704085828296,1471.1765360998277,0.575022484927315,-13.800539638255561,1474.9035461900405,1484.9770757380832
2026-05-06,NPB20260506LSH05,西武,ソフトバンク,10,2,1502.360203317225,1508.6096215781474,0.5412812289209775,11.009250505896539,1513.3694538231214,1497.600371072251
2026-05-06,NPB20260506YGYS01,巨人,ヤクルト,0,5,1515.0479264467149,1525.3921809634796,0.5354230262369111,-12.850152629685866,1502.197773817029,1538.2423335931655
2026-05-08,NPB20260508BF05,オリックス,日本ハム,4,3,1567.9889914552205,1484.9770757380832,0.6635894106738227,8.073854143828255,1576.0628455990486,1476.903221594255
2026-05-08,NPB20260508CDYG01,中日,巨人,9,2,1456.2095193515263,1502.197773817029,0.484191901003961,12.379394375904935,1468.5889137274312,1489.818379441124
2026-05-08,NPB20260508HCYS03,広島,ヤクルト,1,4,1459.8463071667911,1538.2423335931655,0.4378708536969563,-10.508900488726951,1449.337406678064,1548.7512340818926
2026-05-08,NPB20260508HTDB02,阪神,DeNA,1,10,1542.9263616700036,1500.5777044014844,0.609510397009292,-14.628249528223009,1528.2981121417806,1515.2059539297074
2026-05-08,NPB20260508LE04,西武,楽天,4,2,1513.3694538231214,1474.9035461900405,0.6041778847657004,9.49973076562319,1522.8691845887445,1465.4038154244174
2026-05-08,NPB20260508SHM06,ソフトバンク,ロッテ,6,5,1497.600371072251,1461.160561721283,0.601385314150936,9.566752460377536,1507.1671235326285,1451.5938092609056
2026-05-09,NPB20260509BF05,オリックス,日本ハム,0,3,1576.0628455990486,1476.903221594255,0.6840149508689067,-16.416358820853763,1559.646486778195,1493.3195804151087
2026-05-09,NPB20260509CDYG01,中日,巨人,4,2,1468.5889137274312,1489.818379441124,0.5198070212197184,11.524631490726758,1480.113545218158,1478.2937479503973
2026-05-09,NPB20260509HCYS03,広島,ヤクルト,0,4,1449.337406678064,1548.7512340818926,0.40834874298320656,-9.800369831596957,1439.5370368464671,1558.5516039134895
2026-05-09,NPB20260509HTDB02,阪神,DeNA,1,3,1528.2981121417806,1515.2059539297074,0.568771513920179,-13.650516334084296,1514.6475958076962,1528.8564702637918
2026-05-09,NPB20260509LE04,西武,楽天,6,2,1522.8691845887445,1465.4038154244174,0.6300132021955591,8.879683147306581,1531.7488677360511,1456.5241322771108
2026-05-09,NPB20260509SHM06,ソフトバンク,ロッテ,4,5,1507.1671235326285,1451.5938092609056,0.6274708458417062,-15.059300300200949,1492.1078232324276,1466.6531095611065
2026-05-10,NPB20260510BF05,オリックス,日本ハム,0,2,1559.646486778195,1493.3195804151087,0.6418228329096327,-15.403747989831185,1544.2427387883638,1508.7233284049398
2026-05-10,NPB20260510CDYG01,中日,巨人,4,9,1480.113545218158,1478.2937479503973,0.5527904675234481,-13.266971220562754,1466.8465739975952,1491.56071917096
2026-05-10,NPB20260510HCYS03,広島,ヤクルト,4,0,1439.5370368464671,1558.5516039134895,0.3813960935952671,14.846493753713588,1454.3835306001806,1543.705110159776
2026-05-10,NPB20260510HTDB02,阪神,DeNA,3,0,1514.6475958076962,1528.8564702637918,0.529885170168726,11.282755915950574,1525.9303517236467,1517.5737143478414
2026-05-10,NPB20260510LE04,西武,楽天,6,1,1531.7488677360511,1456.5241322771108,0.6535101596106274,8.315756169344942,1540.064623905396,1448.2083761077658
2026-05-10,NPB20260510SHM06,ソフトバンク,ロッテ,8,3,1492.1078232324276,1466.6531095611065,0.586133787452653,9.93278910113633,1502.0406123335638,1456.7203204599703
2026-05-12,NPB20260512DBCD03,DeNA,中日,3,1,1517.5737143478414,1466.8465739975952,0.620927085811804,9.097749940516703,1526.671464288358,1457.7488240570785
2026-05-12,NPB20260512EB04,楽天,オリックス,0,2,1448.2083761077658,1544.2427387883638,0.4130570191667452,-9.913368460001884,1438.295007647764,1554.1561072483657
2026-05-12,NPB20260512MF05,ロッテ,日本ハム,2,3,1456.7203204599703,1508.7233284049398,0.47555022044756806,-11.413205290741633,1445.3071151692286,1520.1365336956815
2026-05-12,NPB20260512SHL06,ソフトバンク,西武,0,3,1502.0406123335638,1540.064623905396,0.4956482074122676,-11.895556977894422,1490.1450553556695,1551.9601808832904
2026-05-12,NPB20260512YGHC01,巨人,広島,5,3,1491.56071917096,1454.3835306001806,0.6024024177596202,9.542341973769116,1501.1030611447293,1444.8411886264114
2026-05-12,NPB20260512YSHT02,ヤクルト,阪神,0,10,1543.705110159776,1525.9303517236467,0.5753702002308767,-13.808884805541041,1529.896225354235,1539.7392365291878
2026-05-13,NPB20260513DBCD03,DeNA,中日,5,0,1526.671464288358,1457.7488240570785,0.6452505225827748,8.513987458013403,1535.1854517463714,1449.2348365990651
2026-05-13,NPB20260513MF04,ロッテ,日本ハム,2,6,1445.3071151692286,1520.1365336956815,0.44293064100411983,-10.630335384098876,1434.6767797851298,1530.7668690797802
2026-05-13,NPB20260513SHL05,ソフトバンク,西武,1,2,1490.1450553556695,1551.9601808832904,0.4614863742694555,-11.075672982466932,1479.0693823732024,1563.0358538657574
2026-05-13,NPB20260513YGHC01,巨人,広島,4,2,1501.1030611447293,1444.8411886264114,0.6283968869351669,8.918474713555995,1510.0215358582852,1435.9227139128554
2026-05-13,NPB20260513YSHT02,ヤクルト,阪神,4,2,1529.896225354235,1539.7392365291878,0.5361406789835066,11.132623704395842,1541.0288490586308,1528.606612824792
2026-05-14,NPB20260514DBCD01,DeNA,中日,0,0,1535.1854517463714,1449.2348365990651,0.6673553164756869,-4.016527595416486,1531.168924150955,1453.2513641944815
2026-05-14,NPB20260514EB02,楽天,オリックス,3,0,1438.295007647764,1554.1561072483657,0.38568806719013515,14.743486387436757,1453.0384940352008,1539.4126208609289
2026-05-14,NPB20260514MF03,ロッテ,日本ハム,5,3,1434.6767797851298,1530.7668690797802,0.412979249156297,14.08849802024887,1448.7652778053787,1516.6783710595314
2026-05-15,NPB20260515CDYS02,中日,ヤクルト,5,8,1453.2513641944815,1541.0288490586308,0.42462596528402813,-10.191023166816676,1443.060341027665,1551.2198722254475
2026-05-15,NPB20260515ESH05,楽天,ソフトバンク,6,3,1453.0384940352008,1479.0693823732024,0.5129047227138925,11.69028665486658,1464.7287806900674,1467.3790957183357
2026-05-15,NPB20260515FL04,日本ハム,西武,0,3,1516.6783710595314,1563.0358538657574,0.4836610878841949,-11.607866109220677,1505.0705049503108,1574.643719974978
2026-05-15,NPB20260515HTHC03,阪神,広島,0,2,1528.606612824792,1435.9227139128554,0.675903193801667,-16.221676651240006,1512.384936173552,1452.1443905640954
2026-05-15,NPB20260515MB06,ロッテ,オリックス,6,3,1448.7652778053787,1539.4126208609289,0.4205948740183465,13.905723023559684,1462.6710008289383,1525.5068978373693
2026-05-15,NPB20260515YGDB01,巨人,DeNA,2,0,1510.0215358582852,1531.168924150955,0.519924953656967,11.521801112232792,1521.543336970518,1519.6471230387222
2026-05-16,NPB20260516CDYS02,中日,ヤクルト,8,0,1443.060341027665,1551.2198722254475,0.39624396287519476,14.490144890995325,1457.5504859186601,1536.7297273344523
2026-05-16,NPB20260516ESH05,楽天,ソフトバンク,4,3,1464.7287806900674,1467.3790957183357,0.5464208686650918,10.885899152037798,1475.6146798421053,1456.493196566298
2026-05-16,NPB20260516FL04,日本ハム,西武,5,4,1505.0705049503108,1574.643719974978,0.450408723381333,13.190190638848009,1518.2606955891588,1561.45352933613
2026-05-16,NPB20260516HTHC03,阪神,広島,3,1,1512.384936173552,1452.1443905640954,0.6337291693828987,8.79049993481043,1521.1754361083624,1443.353890629285
2026-05-16,NPB20260516MB06,ロッテ,オリックス,2,0,1462.6710008289383,1525.5068978373693,0.460026416538447,12.959366003077271,1475.6303668320156,1512.547531834292
2026-05-16,NPB20260516YGDB01,巨人,DeNA,4,3,1521.543336970518,1519.6471230387222,0.5528992115168329,10.730418923596012,1532.2737558941142,1508.916704115126
2026-05-17,NPB20260517CDYS02,中日,ヤクルト,1,5,1457.5504859186601,1536.7297273344523,0.4367614324979863,-10.482274379951672,1447.0682115387085,1547.2120017144039
2026-05-17,NPB20260517ESH05,楽天,ソフトバンク,1,5,1475.6146798421053,1456.493196566298,0.5772631389075513,-13.854315333781232,1461.760364508324,1470.347511900079
2026-05-17,NPB20260517FL04,日本ハム,西武,3,6,1518.2606955891588,1561.45352933613,0.4882117493661828,-11.717081984788386,1506.5436136043704,1573.1706113209184
2026-05-17,NPB20260517HTHC03,阪神,広島,0,1,1521.1754361083624,1443.353890629285,0.6568871918412927,-15.765292604191025,1505.4101435041714,1459.119183233476
2026-05-17,NPB20260517MB06,ロッテ,オリックス,3,2,1475.6303668320156,1512.547531834292,0.49724100578073716,12.066215861262307,1487.6965826932778,1500.4813159730297
2026-05-17,NPB20260517YGDB01,巨人,DeNA,1,0,1532.2737558941142,1508.916704115126,0.5832015808524782,10.003162059540523,1542.2769179536547,1498.9135420555856
2026-05-19,NPB20260519BSH06,オリックス,ソフトバンク,2,1,1500.4813159730297,1470.347511900079,0.5926521913314844,9.776347408044375,1510.257663381074,1460.5711644920348
2026-05-19,NPB20260519FE04,日本ハム,楽天,6,2,1506.5436136043704,1461.760364508324,0.6128408195040632,9.291820331902482,1515.835433936273,1452.4685441764216
2026-05-19,NPB20260519HCDB03,広島,DeNA,3,1,1459.119183233476,1498.9135420555856,0.49310080093810493,12.16558077748548,1471.2847640109615,1486.7479612781
2026-05-19,NPB20260519HTCD02,阪神,中日,4,2,1505.4101435041714,1447.0682115387085,0.6311886108184037,8.85147334035831,1514.2616168445297,1438.2167381983502
2026-05-19,NPB20260519LM05,西武,ロッテ,3,2,1573.1706113209184,1487.6965826932778,0.6667460120476448,7.998095710856524,1581.1687070317748,1479.6984869824214
2026-05-19,NPB20260519YSYG01,ヤクルト,巨人,0,2,1547.2120017144039,1542.2769179536547,0.5572194372348751,-13.373266493637002,1533.838735220767,1555.6501844472916
2026-05-20,NPB20260520BSH05,オリックス,ソフトバンク,8,3,1510.257663381074,1460.5711644920348,0.6195160644133756,9.131614454078985,1519.389277835153,1451.4395500379558
2026-05-20,NPB20260520FE03,日本ハム,楽天,5,3,1515.835433936273,1452.4685441764216,0.6378963551949973,8.690487475320065,1524.525921411593,1443.7780567011016
2026-05-20,NPB20260520HCDB02,広島,DeNA,3,4,1471.2847640109615,1486.7479612781,0.5280861229128121,-12.674066949907491,1458.610697061054,1499.4220282280075
2026-05-20,NPB20260520HTCD01,阪神,中日,8,7,1514.2616168445297,1438.2167381983502,0.6545784093234229,8.29011817623785,1522.5517350207676,1429.9266200221123
2026-05-20,NPB20260520LM04,西武,ロッテ,1,3,1581.1687070317748,1479.6984869824214,0.6868827174727709,-16.4851852193465,1564.6835218124284,1496.1836722017679
2026-05-21,NPB20260521HCDB02,広島,DeNA,3,1,1458.610697061054,1499.4220282280075,0.4916376020153547,12.200697551631485,1470.8113946126855,1487.221330676376
2026-05-21,NPB20260521YSYG01,ヤクルト,巨人,3,1,1533.838735220767,1555.6501844472916,0.5189707392391321,11.54470225826083,1545.3834374790279,1544.1054821890307
2026-05-22,NPB20260522CDHC02,中日,広島,6,2,1429.9266200221123,1470.8113946126855,0.49153193837222153,12.203233479066682,1442.129853501179,1458.6081611336188
2026-05-22,NPB20260522EM03,楽天,ロッテ,1,2,1443.7780567011016,1496.1836722017679,0.47497224004914684,-11.399333761179523,1432.378722939922,1507.5830059629475
2026-05-22,NPB20260522LB04,西武,オリックス,1,5,1564.6835218124284,1519.389277835153,0.6135385136063233,-14.724924326551758,1549.9585974858767,1534.1142021617047
2026-05-22,NPB20260522SHF05,ソフトバンク,日本ハム,10,0,1451.4395500379558,1524.525921411593,0.44540780603865815,13.310212655072204,1464.749762693028,1511.2157087565206
2026-05-22,NPB20260522YGHT01,巨人,阪神,4,7,1544.1054821890307,1522.5517350207676,0.5806761184964098,-13.936226843913834,1530.1692553451169,1536.4879618646814
2026-05-23,NPB20260523CDHC03,中日,広島,3,5,1442.129853501179,1458.6081611336188,0.5266296362587111,-12.639111270209066,1429.49074223097,1471.2472724038278
2026-05-23,NPB20260523DBYS02,DeNA,ヤクルト,0,6,1487.221330676376,1545.3834374790279,0.46671634223483965,-11.201192213636151,1476.0201384627399,1556.584629692664
2026-05-23,NPB20260523EM04,楽天,ロッテ,6,7,1432.378722939922,1507.5830059629475,0.44239826146564853,-10.617558275175565,1421.7611646647465,1518.200564238123
2026-05-23,NPB20260523LB05,西武,オリックス,4,1,1549.9585974858767,1534.1142021617047,0.572653060638972,10.25632654466467,1560.2149240305414,1523.85787561704
2026-05-23,NPB20260523SHF06,ソフトバンク,日本ハム,11,1,1464.749762693028,1511.2157087565206,0.48350516498575413,12.3958760403419,1477.1456387333699,1498.8198327161788
2026-05-23,NPB20260523YGHT01,巨人,阪神,0,3,1530.1692553451169,1536.4879618646814,0.541182193177155,-12.98837263625172,1517.180882708865,1549.4763345009333
2026-05-24,NPB20260524CDHC03,中日,広島,3,5,1429.49074223097,1471.2472724038278,0.49027779701557805,-11.766667128373873,1417.724075102596,1483.0139395322017
2026-05-24,NPB20260524DBYS02,DeNA,ヤクルト,1,0,1476.0201384627399,1556.584629692664,0.434800786365777,13.564781127221352,1489.5849195899611,1543.0198485654428
2026-05-24,NPB20260524EM04,楽天,ロッテ,8,5,1421.7611646647465,1518.200564238123,0.4124918636458895,14.100195272498652,1435.8613599372452,1504.1003689656243
2026-05-24,NPB20260524LB05,西武,オリックス,4,3,1560.2149240305414,1523.85787561704,0.601271103085901,9.569493525938375,1569.7844175564799,1514.2883820911015
2026-05-24,NPB20260524SHF06,ソフトバンク,日本ハム,7,6,1477.1456387333699,1498.8198327161788,0.5191679780963587,11.53996852568739,1488.6856072590572,1487.2798641904915
2026-05-24,NPB20260524YGHT01,巨人,阪神,3,6,1517.180882708865,1549.4763345009333,0.5038920791278618,-12.093409899068684,1505.0874728097963,1561.569744400002
2026-05-26,NPB20260526CDE04,中日,楽天,1,0,1417.724075102596,1435.8613599372452,0.5242483608176168,11.418039340377195,1429.1421144429733,1424.443320596868
2026-05-26,NPB20260526DBB03,DeNA,オリックス,1,7,1489.5849195899611,1514.2883820911015,0.5148135720208195,-12.355525728499668,1477.2293938614614,1526.6439078196013
2026-05-26,NPB20260526HCM06,広島,ロッテ,1,3,1483.0139395322017,1504.1003689656243,0.5200125405824805,-12.480300973979531,1470.533638558222,1516.580669939604
2026-05-26,NPB20260526HTF05,阪神,日本ハム,0,4,1561.569744400002,1487.2798641904915,0.6522906062964922,-15.654974551115812,1545.9147698488862,1502.9348387416073
2026-05-26,NPB20260526YGSH01,巨人,ソフトバンク,3,8,1505.0874728097963,1488.6856072590572,0.5734382021571242,-13.762516851770979,1491.3249559580254,1502.448124110828
2026-05-26,NPB20260526YSL02,ヤクルト,西武,1,2,1543.0198485654428,1569.7844175564799,0.5118495187691804,-12.28438845046033,1530.7354601149825,1582.0688060069401
2026-05-27,NPB20260527CDE04,中日,楽天,7,2,1429.1421144429733,1424.443320596868,0.556883816005939,10.634788415857464,1439.7769028588307,1413.8085321810106
2026-05-27,NPB20260527DBB03,DeNA,オリックス,2,5,1477.2293938614614,1526.6439078196013,0.47926774087137963,-11.50242578091311,1465.7269680805482,1538.1463336005145
2026-05-27,NPB20260527HCM06,広島,ロッテ,4,5,1470.533638558222,1516.580669939604,0.48410739922687945,-11.618577581445107,1458.9150609767769,1528.199247521049
2026-05-27,NPB20260527HTF05,阪神,日本ハム,2,5,1545.9147698488862,1502.9348387416073,0.6103749483951738,-14.648998761484172,1531.265771087402,1517.5838375030914
2026-05-27,NPB20260527YGSH01,巨人,ソフトバンク,5,1,1491.3249559580254,1502.448124110828,0.5343075303179181,11.176619272369965,1502.5015752303952,1491.2715048384582
2026-05-27,NPB20260527YSL02,ヤクルト,西武,2,2,1530.7354601149825,1582.0688060069401,0.4765117266246417,0.5637185610085993,1531.299178675991,1581.5050874459316
2026-05-28,NPB20260528CDE04,中日,楽天,2,1,1439.7769028588307,1413.8085321810106,0.58685087921413,9.915578898860879,1449.6924817576917,1403.8929532821496
2026-05-28,NPB20260528DBB03,DeNA,オリックス,3,1,1465.7269680805482,1538.1463336005145,0.4463564591345602,13.287444980770557,1479.0144130613187,1524.858888619744
2026-05-28,NPB20260528HCM06,広島,ロッテ,3,6,1458.9150609767769,1528.199247521049,0.45082061096029397,-10.819694663047056,1448.0953663137298,1539.0189421840962
2026-05-28,NPB20260528HTF05,阪神,日本ハム,2,4,1531.265771087402,1517.5838375030914,0.5696040169163203,-13.670496405991688,1517.5952746814103,1531.2543339090832
2026-05-28,NPB20260528YGSH01,巨人,ソフトバンク,4,8,1502.5015752303952,1491.2715048384582,0.5661405357842229,-13.587372858821348,1488.914202371574,1504.8588776972795
2026-05-28,NPB20260528YSL02,ヤクルト,西武,0,8,1531.299178675991,1581.5050874459316,0.47813089965823363,-11.475141591797607,1519.8240370841934,1592.9802290377293
2026-05-29,NPB20260529BCD05,オリックス,中日,1,5,1524.858888619744,1449.6924817576917,0.6534341265527843,-15.682419037266824,1509.1764695824772,1465.3749007949584
2026-05-29,NPB20260529EYS02,楽天,ヤクルト,2,7,1403.8929532821496,1519.8240370841934,0.3855926205034096,-9.254222892081831,1394.6387303900678,1529.0782599762751
2026-05-29,NPB20260529FYG01,日本ハム,巨人,2,4,1531.2543339090832,1488.914202371574,0.6094987160031838,-14.627969184076413,1516.6263647250069,1503.5421715556504
2026-05-29,NPB20260529LDB03,西武,DeNA,13,4,1592.9802290377293,1479.0144130613187,0.7021414495848023,7.148605209964745,1600.128834247694,1471.865807851354
2026-05-29,NPB20260529MHT04,ロッテ,阪神,0,1,1539.0189421840962,1517.5952746814103,0.5804937814616838,-13.931850755080411,1525.0870914290158,1531.5271254364907
2026-05-29,NPB20260529SHHC06,ソフトバンク,広島,2,0,1504.8588776972795,1448.0953663137298,0.6290709475444451,8.902297258933316,1513.7611749562127,1439.1930690547965
2026-05-30,NPB20260530BCD05,オリックス,中日,3,1,1509.1764695824772,1465.3749007949584,0.6114991705715969,9.324019906281675,1518.5004894887588,1456.0508808886768
2026-05-30,NPB20260530EYS02,楽天,ヤクルト,7,8,1394.6387303900678,1529.0782599762751,0.36067862261132977,-8.656286942671915,1385.982443447396,1537.734546918947
2026-05-30,NPB20260530FYG01,日本ハム,巨人,3,5,1516.6263647250069,1503.5421715556504,0.5687602681176042,-13.650246434822499,1502.9761182901843,1517.192417990473
2026-05-30,NPB20260530LDB03,西武,DeNA,6,0,1600.128834247694,1471.865807851354,0.7190627972558672,6.742492865859187,1606.8713271135532,1465.1233149854947
2026-05-30,NPB20260530MHT04,ロッテ,阪神,3,4,1525.0870914290158,1531.5271254364907,0.5410087684021296,-12.984210441651111,1512.1028809873646,1544.5113358781418
2026-05-30,NPB20260530SHHC06,ソフトバンク,広島,4,2,1513.7611749562127,1439.1930690547965,0.6526537716994616,8.336309479212922,1522.0974844354257,1430.8567595755835
2026-05-31,NPB20260531BCD05,オリックス,中日,7,5,1518.5004894887588,1456.0508808886768,0.63667580254606,8.71978073889456,1527.2202702276534,1447.3311001497823
2026-05-31,NPB20260531EYS02,楽天,ヤクルト,1,2,1385.982443447396,1537.734546918947,0.33803144467228985,-8.112754672134956,1377.869688775261,1545.847301591082
2026-05-31,NPB20260531FYG01,日本ハム,巨人,3,0,1502.9761182901843,1517.192417990473,0.5298745225446571,11.28301145892823,1514.2591297491126,1505.9094065315446
2026-05-31,NPB20260531LDB03,西武,DeNA,0,6,1606.8713271135532,1465.1233149854947,0.734474294955551,-17.627383078933224,1589.24394403462,1482.750698064428
2026-05-31,NPB20260531MHT04,ロッテ,阪神,4,2,1512.1028809873646,1544.5113358781418,0.5037294640442231,11.910492862938645,1524.0133738503032,1532.6008430152033
2026-05-31,NPB20260531SHHC06,ソフトバンク,広島,3,1,1522.0974844354257,1430.8567595755835,0.6740806991222882,7.822063221065084,1529.9195476564907,1423.0346963545185
2026-06-02,NPB20260602CDSH04,中日,ソフトバンク,0,3,1447.3311001497823,1529.9195476564907,0.43193981172108664,-10.36655548130608,1436.9645446684763,1540.2861031377968
2026-06-02,NPB20260602DBE03,DeNA,楽天,3,7,1482.750698064428,1377.869688775261,0.6910899419291103,-16.586158606298646,1466.1645394581294,1394.4558473815596
2026-06-02,NPB20260602YGB01,巨人,オリックス,3,2,1505.9094065315446,1527.2202702276534,0.5196900628496249,11.527438491609,1517.4368450231536,1515.6928317360444
2026-06-02,NPB20260602YSM02,ヤクルト,ロッテ,0,5,1545.847301591082,1524.0133738503032,0.5810687821271663,-13.94565077105199,1531.90165082003,1537.9590246213552
2026-06-03,NPB20260603CDSH04,中日,ソフトバンク,5,8,1436.9645446684763,1540.2861031377968,0.402925430170009,-9.670210324080216,1427.294334344396,1549.956313461877
2026-06-03,NPB20260603DBE03,DeNA,楽天,0,2,1466.1645394581294,1394.4558473815596,0.648913002242193,-15.57391205381263,1450.5906274043168,1410.0297594353722
2026-06-03,NPB20260603HCF06,広島,日本ハム,3,1,1423.0346963545185,1514.2591297491126,0.4197855342778433,13.925147177331759,1436.9598435318503,1500.3339825717808
2026-06-03,NPB20260603HTL05,阪神,西武,2,3,1532.6008430152033,1589.24394403462,0.46889330025133674,-11.253439206032082,1521.3474038091713,1600.497383240652
2026-06-03,NPB20260603YGB01,巨人,オリックス,5,4,1517.4368450231536,1515.6928317360444,0.5526826188759272,10.735617146977749,1528.1724621701314,1504.9572145890666
2026-06-03,NPB20260603YSM02,ヤクルト,ロッテ,1,0,1531.90165082003,1537.9590246213552,0.5415557066394286,11.002663040653712,1542.9043138606837,1526.9563615807015
2026-06-04,NPB20260604CDSH04,中日,ソフトバンク,1,2,1427.294334344396,1549.956313461877,0.3764548830310939,-9.034917192746255,1418.2594171516498,1558.9912306546232
2026-06-04,NPB20260604DBE03,DeNA,楽天,8,7,1450.5906274043168,1410.0297594353722,0.6070582386313148,9.430602272848445,1460.0212296771654,1400.5991571625236
2026-06-04,NPB20260604HCF06,広島,日本ハム,2,5,1436.9598435318503,1500.3339825717808,0.45925687076237043,-11.02216489829689,1425.9376786335533,1511.3561474700778
2026-06-04,NPB20260604HTL05,阪神,西武,2,4,1521.3474038091713,1600.497383240652,0.4368028706865868,-10.483268896478084,1510.864134912693,1610.9806521371302
2026-06-04,NPB20260604YGB01,巨人,オリックス,2,1,1528.1724621701314,1504.9572145890666,0.583003145515306,10.007924507632657,1538.180386677764,1494.949290081434
2026-06-04,NPB20260604YSM02,ヤクルト,ロッテ,2,5,1542.9043138606837,1526.9563615807015,0.5727989381467373,-13.747174515521696,1529.157139345162,1540.7035360962232
2026-06-05,NPB20260605CDL04,中日,西武,1,0,1418.2594171516498,1610.9806521371302,0.28742639309254947,17.101766565778814,1435.3611837174287,1593.8788855713512
2026-06-05,NPB20260605DBSH03,DeNA,ソフトバンク,8,3,1460.0212296771654,1558.9912306546232,0.4089661439968849,14.184812544074763,1474.20604222124,1544.8064181105485
2026-06-05,NPB20260605HCB06,広島,オリックス,2,2,1425.9376786335533,1494.949290081434,0.45120911298760835,1.1709812882973996,1427.1086599218506,1493.7783087931366
2026-06-05,NPB20260605HTE05,阪神,楽天,8,1,1510.864134912693,1400.5991571625236,0.6976669110103848,7.255994135750765,1518.120129048444,1393.3431630267728
2026-06-05,NPB20260605YGM01,巨人,ロッテ,8,2,1538.180386677764,1540.7035360962232,0.5466022910789119,10.881545014106115,1549.0619316918703,1529.821991082117
2026-06-05,NPB20260605YSF02,ヤクルト,日本ハム,1,3,1529.157139345162,1511.3561474700778,0.575407094916462,-13.809770277995089,1515.347369067167,1525.1659177480728
2026-06-06,NPB20260606CDL04,中日,西武,2,5,1435.3611837174287,1593.8788855713512,0.3293723817343074,-7.904937161623377,1427.4562465558054,1601.7838227329746
2026-06-06,NPB20260606DBSH03,DeNA,ソフトバンク,3,6,1474.20604222124,1544.8064181105485,0.4489454947390236,-10.774691873736566,1463.4313503475034,1555.5811099842851
2026-06-06,NPB20260606HCB06,広島,オリックス,7,4,1427.1086599218506,1493.7783087931366,0.45454952148621597,13.090811484330818,1440.1994714061814,1480.6874973088059
2026-06-06,NPB20260606HTE05,阪神,楽天,1,0,1518.120129048444,1393.3431630267728,0.7149911943904331,6.840211334629605,1524.9603403830736,1386.5029516921431
2026-06-06,NPB20260606YGM01,巨人,ロッテ,1,1,1549.0619316918703,1529.821991082117,0.5774295333048849,-1.8583087993172374,1547.203622892553,1531.6802998814342
2026-06-06,NPB20260606YSF02,ヤクルト,日本ハム,0,2,1515.347369067167,1525.1659177480728,0.5361756992355466,-12.86821678165312,1502.479152285514,1538.0341345297259
2026-06-07,NPB20260607CDL04,中日,西武,1,4,1427.4562465558054,1601.7838227329746,0.3095905947853064,-7.430174274847355,1420.026072280958,1609.213997007822
2026-06-07,NPB20260607DBSH03,DeNA,ソフトバンク,2,4,1463.4313503475034,1555.5811099842851,0.41848871323422876,-10.04372911762149,1453.387621229882,1565.6248391019067
2026-06-07,NPB20260607HCB05,広島,オリックス,5,2,1440.1994714061814,1480.6874973088059,0.49210275265087017,12.189533936379117,1452.3890053425605,1468.4979633724267
2026-06-07,NPB20260607YGM01,巨人,ロッテ,2,2,1547.203622892553,1531.6802998814342,0.5722006957013934,-1.7328166968334422,1545.4708061957197,1533.4131165782676
2026-06-07,NPB20260607YSF02,ヤクルト,日本ハム,1,7,1502.479152285514,1538.0341345297259,0.4992013170278024,-11.980831608667257,1490.4983206768466,1550.0149661383932
2026-06-09,NPB20260609BYS05,オリックス,ヤクルト,4,3,1468.4979633724267,1490.4983206768466,0.5186992644463733,11.551217653287042,1480.0491810257138,1478.9471030235595
2026-06-09,NPB20260609EYG02,楽天,巨人,2,8,1386.5029516921431,1545.4708061957197,0.3288002554482696,-7.891206130758469,1378.6117455613846,1553.3620123264782
2026-06-09,NPB20260609FDB01,日本ハム,DeNA,4,1,1550.0149661383932,1453.387621229882,0.6808558885479686,7.659458674848753,1557.674424813242,1445.7281625550331
2026-06-09,NPB20260609LHC03,西武,広島,4,3,1609.213997007822,1452.3890053425605,0.7510524795132678,5.9747404916815725,1615.1887374995035,1446.414264850879
2026-06-09,NPB20260609MCD04,ロッテ,中日,3,1,1533.4131165782676,1420.026072280958,0.7014441974812815,7.165339260449244,1540.5784558387168,1412.8607330205089
2026-06-09,NPB20260609SHHT06,ソフトバンク,阪神,10,4,1565.6248391019067,1524.9603403830736,0.6072005288788447,9.427187306907728,1575.0520264088143,1515.533153076166
2026-06-10,NPB20260610BYS05,オリックス,ヤクルト,8,4,1480.0491810257138,1478.9471030235595,0.551768878981637,10.757546904440712,1490.8067279301545,1468.1895561191188
2026-06-10,NPB20260610EYG02,楽天,巨人,0,7,1378.6117455613846,1553.3620123264782,0.309070752798129,-7.417698067155096,1371.1940474942296,1560.7797103936332
2026-06-10,NPB20260610FDB01,日本ハム,DeNA,4,2,1557.674424813242,1445.7281625550331,0.6997044094749117,7.207094172602118,1564.8815189858442,1438.521068382431
2026-06-10,NPB20260610LHC03,西武,広島,5,4,1615.1887374995035,1446.414264850879,0.7636904894918511,5.671428252195573,1620.860165751699,1440.7428365986834
2026-06-10,NPB20260610MCD04,ロッテ,中日,4,11,1540.5784558387168,1412.8607330205089,0.7184282433761694,-17.242277841028066,1523.3361779976888,1430.1030108615369
2026-06-10,NPB20260610SHHT06,ソフトバンク,阪神,6,2,1575.0520264088143,1515.533153076166,0.6327643578995745,8.813655410410211,1583.8656818192246,1506.7194976657556
2026-06-11,NPB20260611BYS05,オリックス,ヤクルト,4,2,1490.8067279301545,1468.1895561191188,0.5821659261283232,10.028017772920244,1500.8347457030748,1458.1615383461985
2026-06-11,NPB20260611EYG02,楽天,巨人,8,2,1371.1940474942296,1560.7797103936332,0.2911373557391519,17.012703462260355,1388.20675095649,1543.7670069313729
2026-06-11,NPB20260611FDB01,日本ハム,DeNA,3,0,1564.8815189858442,1438.521068382431,0.7168450472079275,6.7957188670097395,1571.677237852854,1431.7253495154212
2026-06-11,NPB20260611LHC03,西武,広島,4,1,1620.860165751699,1440.7428365986834,0.7752705600035817,5.393506559914038,1626.253672311613,1435.3493300387695
2026-06-11,NPB20260611MCD04,ロッテ,中日,3,2,1523.3361779976888,1430.1030108615369,0.6765954352240069,7.761709554623835,1531.0978875523126,1422.341301306913
2026-06-11,NPB20260611SHHT06,ソフトバンク,阪神,3,2,1583.8656818192246,1506.7194976657556,0.6560104251727152,8.255749795854834,1592.1214316150795,1498.4637478699008
2026-06-12,NPB20260612BHT05,オリックス,阪神,2,1,1500.8347457030748,1498.4637478699008,0.5535747343507128,10.714206375582894,1511.5489520786577,1487.7495414943178
2026-06-12,NPB20260612EHC02,楽天,広島,2,1,1388.20675095649,1435.3493300387695,0.48253253526891815,12.419219153545964,1400.625970110036,1422.9301108852235
2026-06-12,NPB20260612FCD01,日本ハム,中日,3,1,1571.677237852854,1422.341301306913,0.742905083822038,6.170277988271088,1577.847515841125,1416.171023318642
2026-06-12,NPB20260612LYG03,西武,巨人,3,0,1626.253672311613,1543.7670069313729,0.6629140967915662,8.09006167700241,1634.3437339886154,1535.6769452543704
2026-06-12,NPB20260612MDB04,ロッテ,DeNA,3,2,1531.0978875523126,1431.7253495154212,0.6842797972963488,7.577284864887629,1538.6751724172002,1424.1480646505336
2026-06-12,NPB20260612SHYS06,ソフトバンク,ヤクルト,2,4,1592.1214316150795,1458.1615383461985,0.7256396849344032,-17.41535243842568,1574.7060791766537,1475.5768907846243
2026-06-13,NPB20260613BHT05,オリックス,阪神,3,6,1511.5489520786577,1487.7495414943178,0.5838204272857835,-14.011690254858806,1497.5372618237989,1501.7612317491767
2026-06-13,NPB20260613EHC02,楽天,広島,0,2,1400.625970110036,1422.9301108852235,0.5182626821856177,-12.438304372454823,1388.187665737581,1435.3684152576784
2026-06-13,NPB20260613FCD01,日本ハム,中日,4,3,1577.847515841125,1416.171023318642,0.7562374649552455,5.850300841074109,1583.6978166821991,1410.3207224775679
2026-06-13,NPB20260613LYG03,西武,巨人,1,2,1634.3437339886154,1535.6769452543704,0.6834014487064349,-16.401634768954438,1617.942099219661,1552.0785800233248
2026-06-13,NPB20260613MDB04,ロッテ,DeNA,6,16,1538.6751724172002,1424.1480646505336,0.7028167470736036,-16.867601929766487,1521.8075704874336,1441.0156665803001
2026-06-13,NPB20260613SHYS06,ソフトバンク,ヤクルト,8,1,1574.7060791766537,1475.5768907846243,0.683977081865437,7.584550035229511,1582.2906292118832,1467.9923407493948
2026-06-14,NPB20260614BHT05,オリックス,阪神,3,2,1497.5372618237989,1501.7612317491767,0.5441747886136886,10.939805073271472,1508.4770668970702,1490.8214266759053
2026-06-14,NPB20260614EHC02,楽天,広島,0,3,1388.187665737581,1435.3684152576784,0.482477670845342,-11.579464100288208,1376.6082016372927,1446.9478793579667
2026-06-14,NPB20260614FCD01,日本ハム,中日,5,9,1583.6978166821991,1410.3207224775679,0.7684384893828751,-18.442523745189,1565.2552929370102,1428.7632462227568
2026-06-14,NPB20260614LYG03,西武,巨人,1,0,1617.942099219661,1552.0785800233248,0.6412093862154552,8.610974730829074,1626.5530739504902,1543.4676052924956
2026-06-14,NPB20260614MDB04,ロッテ,DeNA,6,4,1521.8075704874336,1441.0156665803001,0.6607306154973499,8.142465228063603,1529.9500357154973,1432.8732013522365
2026-06-14,NPB20260614SHYS06,ソフトバンク,ヤクルト,0,4,1582.2906292118832,1467.9923407493948,0.7025415582667165,-16.860997398401196,1565.429631813482,1484.853338147796
2026-06-16,NPB20260616HCF02,広島,日本ハム,0,2,1446.9478793579667,1565.2552929370102,0.3823569697422118,-9.176567273813083,1437.7713120841536,1574.4318602108233
2026-06-16,NPB20260616HTL01,阪神,西武,0,1,1490.8214266759053,1626.5530739504902,0.3589652746115479,-8.61516659067715,1482.2062600852282,1635.1682405411673
2026-06-17,NPB20260617HTE01,阪神,楽天,10,3,1482.2062600852282,1376.6082016372927,0.6919704396093785,7.392709449374915,1489.5989695346032,1369.2154921879178
2026-06-19,NPB20260619BL06,オリックス,西武,6,5,1508.4770668970702,1635.1682405411673,0.37102622295727916,15.0953706490253,1523.5724375460954,1620.072869892142
2026-06-19,NPB20260619DBHT03,DeNA,阪神,3,11,1432.8732013522365,1489.5989695346032,0.4687747948620784,-11.250595076689882,1421.6226062755466,1500.849564611293
2026-06-19,NPB20260619FSH04,日本ハム,ソフトバンク,4,3,1574.4318602108233,1565.429631813482,0.562987884134202,10.488290780779153,1584.9201509916024,1554.941341032703
2026-06-19,NPB20260619ME05,ロッテ,楽天,8,5,1529.9500357154973,1369.2154921879178,0.7552365181637153,5.874323564070833,1535.8243592795682,1363.341168623847
2026-06-19,NPB20260619YGCD01,巨人,中日,2,3,1543.4676052924956,1428.7632462227568,0.7030298167593912,-16.87271560222539,1526.5948896902703,1445.6359618249821
2026-06-19,NPB20260619YSHC02,ヤクルト,広島,9,2,1484.853338147796,1437.7713120841536,0.6159758043596164,9.216580695369206,1494.0699188431652,1428.5547313887844
2026-06-20,NPB20260620BL04,オリックス,西武,0,4,1523.5724375460954,1620.072869892142,0.4124067234366687,-9.897761362480049,1513.6746761836155,1629.970631254622
2026-06-20,NPB20260620FSH03,日本ハム,ソフトバンク,7,10,1584.9201509916024,1554.941341032703,0.5924367782584453,-14.218482678202687,1570.7016683133998,1569.1598237109056
2026-06-20,NPB20260620YGCD01,巨人,中日,1,0,1526.5948896902703,1445.6359618249821,0.6609461101150351,8.137293357239157,1534.7321830475094,1437.498668467743
2026-06-20,NPB20260620YSHC02,ヤクルト,広島,6,8,1494.0699188431652,1428.5547313887844,0.6407479490889213,-15.37795077813411,1478.691968065031,1443.9326821669185
2026-06-21,NPB20260621BL06,オリックス,西武,3,5,1513.6746761836155,1629.970631254622,0.38509514008093376,-9.24228336194241,1504.4323928216731,1639.2129146165644
2026-06-21,NPB20260621DBHT03,DeNA,阪神,1,2,1421.6226062755466,1500.849564611293,0.4366938619842655,-10.480652687622372,1411.1419535879243,1511.3302172989154
2026-06-21,NPB20260621FSH04,日本ハム,ソフトバンク,0,8,1570.7016683133998,1569.1598237109056,0.5523948871558555,-13.257477291740532,1557.4441910216592,1582.4173010026461
2026-06-21,NPB20260621ME05,ロッテ,楽天,7,4,1535.8243592795682,1363.341168623847,0.7675215910292829,5.579481815297211,1541.4038410948654,1357.7616868085497
2026-06-21,NPB20260621YGCD01,巨人,中日,3,5,1534.7321830475094,1437.498668467743,0.6816136238254599,-16.358726971811038,1518.3734560756984,1453.857395439554
2026-06-21,NPB20260621YSHC02,ヤクルト,広島,1,2,1478.691968065031,1443.9326821669185,0.5990640254452273,-14.377536610685455,1464.3144314543456,1458.310218777604
2026-06-22,NPB20260622EL01,楽天,西武,8,7,1357.7616868085497,1639.2129146165644,0.194867454730881,19.323181086458856,1377.0848678950085,1619.8897335301056
2026-06-23,NPB20260623CDDB01,中日,DeNA,5,2,1453.857395439554,1411.1419535879243,0.6100128052994038,9.359692672814308,1463.2170881123684,1401.7822609151099
2026-06-23,NPB20260623EL05,楽天,西武,8,4,1377.0848678950085,1619.8897335301056,0.2321481679659003,18.428443968818392,1395.5133118638269,1601.4612895612872
2026-06-23,NPB20260623FM04,日本ハム,ロッテ,4,0,1557.4441910216592,1541.4038410948654,0.5729290851911103,10.249701955413354,1567.6938929770727,1531.154139139452
2026-06-23,NPB20260623HCYG03,広島,巨人,3,7,1458.310218777604,1518.3734560756984,0.4639935380251756,-11.135844912604215,1447.1743738649998,1529.5093009883026
2026-06-23,NPB20260623HTYS02,阪神,ヤクルト,3,4,1511.3302172989154,1464.3144314543456,0.6158856017920239,-14.781254443008574,1496.548962855907,1479.095685897354
2026-06-23,NPB20260623SHB06,ソフトバンク,オリックス,0,5,1582.4173010026461,1504.4323928216731,0.6570991119793625,-15.770378687504701,1566.6469223151414,1520.2027715091779
2026-06-24,NPB20260624CDDB01,中日,DeNA,4,6,1463.2170881123684,1401.7822609151099,0.6353234606370736,-15.247763055289766,1447.9693250570785,1417.0300239703997
2026-06-24,NPB20260624FM02,日本ハム,ロッテ,7,4,1567.6938929770727,1531.154139139452,0.6015232240081965,9.563442623803285,1577.2573356008759,1521.5906965156487
2026-06-24,NPB20260624SHB03,ソフトバンク,オリックス,8,5,1566.6469223151414,1520.2027715091779,0.615106847547625,9.237435658856999,1575.8843579739985,1510.9653358503208
2026-06-25,NPB20260625CDDB01,中日,DeNA,3,1,1447.9693250570785,1417.0300239703997,0.5937711076186682,9.749493417151962,1457.7188184742306,1407.2805305532477
2026-06-25,NPB20260625EL02,楽天,西武,2,0,1395.5133118638269,1601.4612895612872,0.2720877931456429,17.46989296450457,1412.9832048283315,1583.9913965967826
2026-06-25,NPB20260625SHB03,ソフトバンク,オリックス,5,2,1575.8843579739985,1510.9653358503208,0.6399576012107896,8.641017570941049,1584.5253755449396,1502.3243182793797
2026-06-26,NPB20260626LF01,西武,日本ハム,4,3,1583.9913965967826,1577.2573356008759,0.5597729323210264,10.565449624295365,1594.5568462210779,1566.6918859765806
2026-06-27,NPB20260627BE03,オリックス,楽天,1,5,1502.3243182793797,1412.9832048283315,0.6716737572335637,-16.12017017360553,1486.204148105774,1429.1033750019371
2026-06-27,NPB20260627HCHT01,広島,阪神,3,2,1447.1743738649998,1496.548962855907,0.4793250990053486,12.496197623871634,1459.6705714888715,1484.0527652320352
2026-06-27,NPB20260627LF02,西武,日本ハム,2,4,1594.5568462210779,1566.6918859765806,0.5894954045443225,-14.14788970906374,1580.4089565120141,1580.8397756856443
2026-06-28,NPB20260628BE06,オリックス,楽天,5,2,1486.204148105774,1429.1033750019371,0.6295238495851049,8.891427609957482,1495.0955757157315,1420.2119473919797
2026-06-28,NPB20260628DBYG02,DeNA,巨人,1,2,1407.2805305532477,1529.5093009883026,0.3770404374523586,-9.048970498856606,1398.2315600543911,1538.5582714871591
2026-06-28,NPB20260628HCHT03,広島,阪神,3,12,1459.6705714888715,1484.0527652320352,0.5152754963128254,-12.36661191150781,1447.3039595773637,1496.419377143543
2026-06-28,NPB20260628LF04,西武,日本ハム,1,5,1580.4089565120141,1580.8397756856443,0.5495855280455016,-13.19005267309204,1567.2189038389222,1594.0298283587363
2026-06-28,NPB20260628MSH05,ロッテ,ソフトバンク,3,3,1521.5906965156487,1584.5253755449396,0.4598851696121412,0.962755929308611,1522.5534524449572,1583.562619615631
2026-06-28,NPB20260628YSCD01,ヤクルト,中日,4,3,1479.095685897354,1457.7188184742306,0.5804281748394354,10.069723803853549,1489.1654097012076,1447.649094670377
2026-06-30,NPB20260630DBHC02,DeNA,広島,4,7,1398.2315600543911,1447.3039595773637,0.47975925654279833,-11.51422215702716,1386.717337897364,1458.818181734391
2026-06-30,NPB20260630EM05,楽天,ロッテ,2,5,1420.2119473919797,1522.5534524449572,0.40428341667834145,-9.702802000280194,1410.5091453916996,1532.2562544452373
2026-06-30,NPB20260630FB04,日本ハム,オリックス,9,2,1594.0298283587363,1495.0955757157315,0.6837344784333695,7.590372517599131,1601.6202008763355,1487.5052031981322
2026-06-30,NPB20260630HTCD03,阪神,中日,3,2,1496.419377143543,1447.649094670377,0.6182720783953285,9.161470118512117,1505.5808472620552,1438.4876245518649
2026-06-30,NPB20260630SHL06,ソフトバンク,西武,6,0,1583.562619615631,1567.2189038389222,0.5733563211867035,10.239448291519114,1593.80206790715,1556.9794555474032
2026-06-30,NPB20260630YGYS01,巨人,ヤクルト,3,4,1538.5582714871591,1489.1654097012076,0.6191175507950566,-14.858821219081358,1523.6994502680777,1504.024230920289
2026-07-01,NPB20260701EM03,楽天,ロッテ,0,5,1410.5091453916996,1532.2562544452373,0.37769190550144605,-9.064605732034705,1401.4445396596648,1541.3208601772722
2026-07-01,NPB20260701FB02,日本ハム,オリックス,6,0,1601.6202008763355,1487.5052031981322,0.702321018239057,7.144295562262632,1608.7644964385981,1480.3609076358696
2026-07-01,NPB20260701SHL04,ソフトバンク,西武,11,0,1593.80206790715,1556.9794555474032,0.6019134430858062,9.554077365940651,1603.3561452730908,1547.4253781814625
2026-07-01,NPB20260701YGYS01,巨人,ヤクルト,2,1,1523.6994502680777,1504.024230920289,0.578040808548316,10.127020594840417,1533.826470862918,1493.8972103254487
