league,league_label,source_date,rank,team,games,wins,losses,draws,win_pct,games_behind
central,セ・リーグ,2026-09-28,1,阪神,136,76,59,1,.563,--
central,セ・リーグ,2026-09-28,2,巨人,139,75,62,2,.547,2.0
central,セ・リーグ,2026-09-28,3,DeNA,141,69,69,3,.500,8.5
central,セ・リーグ,2026-09-28,4,広島,137,58,75,4,.436,17.0
central,セ・リーグ,2026-09-28,5,ヤクルト,138,59,77,2,.434,17.5
central,セ・リーグ,2026-09-28,6,中日,141,59,80,2,.424,19.0
pacific,パ・リーグ,2026-09-28,1,ソフトバンク,140,90,47,3,.657,--
pacific,パ・リーグ,2026-09-28,2,西武,139,76,59,4,.563,13.0
pacific,パ・リーグ,2026-09-28,3,日本ハム,142,77,62,3,.554,14.0
pacific,パ・リーグ,2026-09-28,4,オリックス,140,64,74,2,.464,26.5
pacific,パ・リーグ,2026-09-28,5,ロッテ,135,60,72,3,.455,27.5
pacific,パ・リーグ,2026-09-28,6,楽天,138,55,82,1,.401,35.0
