date,game_type,home,away,stadium,start_time
2026-10-02,セ・リーグ,ヤクルト,巨人,神 宮,18:00
2026-10-02,パ・リーグ,ロッテ,ソフトバンク,ZOZOマリン,18:00
2026-10-02,セ・リーグ,広島,中日,マツダスタジアム,18:00
2026-10-03,セ・リーグ,ヤクルト,中日,神 宮,14:00
2026-10-03,パ・リーグ,ロッテ,ソフトバンク,ZOZOマリン,18:00
2026-10-03,セ・リーグ,巨人,DeNA,東京ドーム,18:00
2026-10-03,セ・リーグ,広島,阪神,マツダスタジアム,18:00
2026-10-03,パ・リーグ,楽天,オリックス,楽天モバイル,18:00
2026-10-04,セ・リーグ,DeNA,阪神,横 浜,18:00
2026-10-04,セ・リーグ,ヤクルト,広島,神 宮,18:00
2026-10-04,パ・リーグ,ロッテ,楽天,ZOZOマリン,18:00
2026-10-05,パ・リーグ,ロッテ,西武,ZOZOマリン,18:00
2026-10-05,パ・リーグ,楽天,ソフトバンク,楽天モバイル,18:00
2026-10-06,パ・リーグ,ロッテ,西武,ZOZOマリン,18:00
2026-10-06,パ・リーグ,楽天,ソフトバンク,楽天モバイル,18:00
2026-10-06,セ・リーグ,阪神,広島,甲子園,18:00
2026-10-07,セ・リーグ,阪神,広島,甲子園,18:00
